Using pre-set license
Built from '6000.0/staging' branch; Version is '6000.0.42f1 (feb9a7235030) revision 16693671'; Using compiler version '193933523'; Build Type 'Release'
OS: 'Windows 11  (10.0.26100) 64bit CoreSingleLanguage' Language: 'en' Physical Memory: 16215 MB
BatchMode: 1, IsHumanControllingUs: 0, StartBugReporterOnCrash: 0, Is64bit: 1, IsPro: 1

COMMAND LINE ARGUMENTS:
F:\unity_editer\6000.0.42f1\Editor\Unity.exe
-adb2
-batchMode
-noUpm
-name
AssetImportWorker0
-projectPath
F:/unity/Nhonn_Nhonn_S
-logFile
Logs/AssetImportWorker0.log
-srvPort
63106
-job-worker-count
3
-background-job-worker-count
8
-gc-helper-count
1
Successfully changed project path to: F:/unity/Nhonn_Nhonn_S
F:/unity/Nhonn_Nhonn_S
[UnityMemory] Configuration Parameters - Can be set up in boot.config
    "memorysetup-bucket-allocator-granularity=16"
    "memorysetup-bucket-allocator-bucket-count=8"
    "memorysetup-bucket-allocator-block-size=33554432"
    "memorysetup-bucket-allocator-block-count=8"
    "memorysetup-main-allocator-block-size=16777216"
    "memorysetup-thread-allocator-block-size=16777216"
    "memorysetup-gfx-main-allocator-block-size=16777216"
    "memorysetup-gfx-thread-allocator-block-size=16777216"
    "memorysetup-cache-allocator-block-size=4194304"
    "memorysetup-typetree-allocator-block-size=2097152"
    "memorysetup-profiler-bucket-allocator-granularity=16"
    "memorysetup-profiler-bucket-allocator-bucket-count=8"
    "memorysetup-profiler-bucket-allocator-block-size=33554432"
    "memorysetup-profiler-bucket-allocator-block-count=8"
    "memorysetup-profiler-allocator-block-size=16777216"
    "memorysetup-profiler-editor-allocator-block-size=1048576"
    "memorysetup-temp-allocator-size-main=16777216"
    "memorysetup-job-temp-allocator-block-size=2097152"
    "memorysetup-job-temp-allocator-block-size-background=1048576"
    "memorysetup-job-temp-allocator-reduction-small-platforms=262144"
    "memorysetup-allocator-temp-initial-block-size-main=262144"
    "memorysetup-allocator-temp-initial-block-size-worker=262144"
    "memorysetup-temp-allocator-size-background-worker=32768"
    "memorysetup-temp-allocator-size-job-worker=262144"
    "memorysetup-temp-allocator-size-preload-manager=33554432"
    "memorysetup-temp-allocator-size-nav-mesh-worker=65536"
    "memorysetup-temp-allocator-size-audio-worker=65536"
    "memorysetup-temp-allocator-size-cloud-worker=32768"
    "memorysetup-temp-allocator-size-gi-baking-worker=262144"
    "memorysetup-temp-allocator-size-gi-baking-worker=262144"
    "memorysetup-temp-allocator-size-gi-baking-worker=262144"
    "memorysetup-temp-allocator-size-gi-baking-worker=262144"
    "memorysetup-temp-allocator-size-gi-baking-worker=262144"
    "memorysetup-temp-allocator-size-gfx=262144"
Player connection [3744]  Target information:

Player connection [3744]  * "[IP] 192.168.1.11 [Port] 0 [Flags] 2 [Guid] 1664431034 [EditorId] 1664431034 [Version] 1048832 [Id] WindowsEditor(7,DESKTOP-L9FLOH2) [Debug] 1 [PackageName] WindowsEditor [ProjectName] Editor" 

Player connection [3744] Host joined multi-casting on [225.0.0.222:54997]...
Player connection [3744] Host joined alternative multi-casting on [225.0.0.222:34997]...
JobSystem: Creating JobQueue using job-worker-count value 3
Input System module state changed to: Initialized.
[Physics::Module] Initialized fallback backend.
[Physics::Module] Id: 0xdecafbad
Library Redirect Path: Library/
[Physics::Module] Selected backend.
[Physics::Module] Name: PhysX
[Physics::Module] Id: 0xf2b8ea05
[Physics::Module] SDK Version: 4.1.2
[Physics::Module] Integration Version: 1.0.0
[Physics::Module] Threading Mode: Multi-Threaded
Refreshing native plugins compatible for Editor in 7.87 ms, found 4 plugins.
Preloading 0 native plugins for Editor in 0.00 ms.
Initialize engine version: 6000.0.42f1 (feb9a7235030)
[Subsystems] Discovering subsystems at path F:/unity_editer/6000.0.42f1/Editor/Data/Resources/UnitySubsystems
[Subsystems] Discovering subsystems at path F:/unity/Nhonn_Nhonn_S/Assets
GfxDevice: creating device client; kGfxThreadingModeNonThreaded
Direct3D:
    Version:  Direct3D 11.0 [level 11.1]
    Renderer: NVIDIA GeForce GTX 1650 Ti (ID=0x1f95)
    Vendor:   NVIDIA
    VRAM:     3935 MB
    Driver:   32.0.15.6070
Initialize mono
Mono path[0] = 'F:/unity_editer/6000.0.42f1/Editor/Data/Managed'
Mono path[1] = 'F:/unity_editer/6000.0.42f1/Editor/Data/MonoBleedingEdge/lib/mono/unityjit-win32'
Mono config path = 'F:/unity_editer/6000.0.42f1/Editor/Data/MonoBleedingEdge/etc'
Using monoOptions --debugger-agent=transport=dt_socket,embedding=1,server=y,suspend=n,address=127.0.0.1:56180
Begin MonoManager ReloadAssembly
Registering precompiled unity dll's ...
Register platform support module: F:/unity_editer/6000.0.42f1/Editor/Data/PlaybackEngines/WindowsStandaloneSupport/UnityEditor.WindowsStandalone.Extensions.dll
Register platform support module: F:/unity_editer/6000.0.42f1/Editor/Data/PlaybackEngines/AndroidPlayer/UnityEditor.Android.Extensions.dll
Registered in 0.003435 seconds.
- Loaded All Assemblies, in  0.661 seconds
Native extension for Android target not found
Android Extension - Scanning For ADB Devices 389 ms
Native extension for WindowsStandalone target not found
Mono: successfully reloaded assembly
- Finished resetting the current domain, in  1.027 seconds
Domain Reload Profiling: 1688ms
	BeginReloadAssembly (213ms)
		ExecutionOrderSort (0ms)
		DisableScriptedObjects (0ms)
		BackupInstance (0ms)
		ReleaseScriptingObjects (0ms)
		CreateAndSetChildDomain (1ms)
	RebuildCommonClasses (62ms)
	RebuildNativeTypeToScriptingClass (20ms)
	initialDomainReloadingComplete (75ms)
	LoadAllAssembliesAndSetupDomain (290ms)
		LoadAssemblies (212ms)
		RebuildTransferFunctionScriptingTraits (0ms)
		AnalyzeDomain (283ms)
			TypeCache.Refresh (280ms)
				TypeCache.ScanAssembly (258ms)
			BuildScriptInfoCaches (0ms)
			ResolveRequiredComponents (1ms)
	FinalizeReload (1028ms)
		ReleaseScriptCaches (0ms)
		RebuildScriptCaches (0ms)
		SetupLoadedEditorAssemblies (948ms)
			LogAssemblyErrors (0ms)
			InitializePlatformSupportModulesInManaged (521ms)
			SetLoadedEditorAssemblies (8ms)
			BeforeProcessingInitializeOnLoad (92ms)
			ProcessInitializeOnLoadAttributes (215ms)
			ProcessInitializeOnLoadMethodAttributes (114ms)
			AfterProcessingInitializeOnLoad (0ms)
			EditorAssembliesLoaded (0ms)
		ExecutionOrderSort2 (0ms)
		AwakeInstancesAfterBackupRestoration (0ms)
========================================================================
Worker process is ready to serve import requests
Import Worker Mode flag is 0x00
Begin MonoManager ReloadAssembly
- Loaded All Assemblies, in  1.632 seconds
Refreshing native plugins compatible for Editor in 2.41 ms, found 4 plugins.
Native extension for Android target not found
Native extension for WindowsStandalone target not found
Mono: successfully reloaded assembly
Package Manager log level set to [2]
[Package Manager] Failed to launch server process. Reason: Unity was launched with the -noUpm command-line argument
[Package Manager] Unable to send message (not connected to server process).
[Package Manager] Cannot connect to Unity Package Manager local server
[Package Manager] Failed to launch server process. Reason: Unity was launched with the -noUpm command-line argument
[Package Manager] Unable to send message (not connected to server process).
[Package Manager] Cannot connect to Unity Package Manager local server
- Finished resetting the current domain, in  1.432 seconds
Domain Reload Profiling: 3062ms
	BeginReloadAssembly (340ms)
		ExecutionOrderSort (0ms)
		DisableScriptedObjects (10ms)
		BackupInstance (0ms)
		ReleaseScriptingObjects (0ms)
		CreateAndSetChildDomain (61ms)
	RebuildCommonClasses (80ms)
	RebuildNativeTypeToScriptingClass (21ms)
	initialDomainReloadingComplete (68ms)
	LoadAllAssembliesAndSetupDomain (1120ms)
		LoadAssemblies (728ms)
		RebuildTransferFunctionScriptingTraits (0ms)
		AnalyzeDomain (601ms)
			TypeCache.Refresh (471ms)
				TypeCache.ScanAssembly (433ms)
			BuildScriptInfoCaches (104ms)
			ResolveRequiredComponents (21ms)
	FinalizeReload (1433ms)
		ReleaseScriptCaches (0ms)
		RebuildScriptCaches (0ms)
		SetupLoadedEditorAssemblies (1169ms)
			LogAssemblyErrors (0ms)
			InitializePlatformSupportModulesInManaged (18ms)
			SetLoadedEditorAssemblies (8ms)
			BeforeProcessingInitializeOnLoad (206ms)
			ProcessInitializeOnLoadAttributes (727ms)
			ProcessInitializeOnLoadMethodAttributes (206ms)
			AfterProcessingInitializeOnLoad (4ms)
			EditorAssembliesLoaded (0ms)
		ExecutionOrderSort2 (0ms)
		AwakeInstancesAfterBackupRestoration (10ms)
Launched and connected shader compiler UnityShaderCompiler.exe after 0.03 seconds
Refreshing native plugins compatible for Editor in 4.62 ms, found 4 plugins.
Preloading 0 native plugins for Editor in 0.00 ms.
Unloading 207 Unused Serialized files (Serialized files now loaded: 0)
Unloading 6885 unused Assets / (4.6 MB). Loaded Objects now: 7581.
Memory consumption went from 171.6 MB to 167.0 MB.
Total: 23.686500 ms (FindLiveObjects: 1.328600 ms CreateObjectMapping: 2.567600 ms MarkObjects: 13.582000 ms  DeleteObjects: 6.206300 ms)

========================================================================
Received Import Request.
  Time since last request: 91754.962671 seconds.
  path: Assets/Adaptive Performance/AdaptivePerformanceGeneralSettings.asset
  artifactKey: Guid(71a28cb38729e964c9dd2fde0686ffcf) Importer(815301076,1909f56bfc062723c751e8b465ee728b)
Start importing Assets/Adaptive Performance/AdaptivePerformanceGeneralSettings.asset using Guid(71a28cb38729e964c9dd2fde0686ffcf) Importer(815301076,1909f56bfc062723c751e8b465ee728b) (PreviewImporter) -> (artifact id: '2ad51c4860d323a58762ca7da7971118') in 0.0723037 seconds
Number of updated asset objects reloaded before import = 0Number of asset objects unloaded after import = 3

========================================================================
Received Import Request.
  Time since last request: 18.702805 seconds.
  path: Assets/Sprites/Charactor/Gura/spr_Gura_Run_red
  artifactKey: Guid(f89be5e6f03127e4f98cacd47d020db5) Importer(815301076,1909f56bfc062723c751e8b465ee728b)
Start importing Assets/Sprites/Charactor/Gura/spr_Gura_Run_red using Guid(f89be5e6f03127e4f98cacd47d020db5) Importer(815301076,1909f56bfc062723c751e8b465ee728b) (PreviewImporter) -> (artifact id: '2e2edff68efc29d2c393ba48ec2547c9') in 0.0009385 seconds
Number of updated asset objects reloaded before import = 0Number of asset objects unloaded after import = 0

========================================================================
Received Import Request.
  Time since last request: 0.032091 seconds.
  path: Assets/Sprites/Charactor/Gura/spr_Gura_Run_red/spr_Gura_Run_red_0.png
  artifactKey: Guid(1617ff2ed71fb744b86fa2544a1ace18) Importer(815301076,1909f56bfc062723c751e8b465ee728b)
Start importing Assets/Sprites/Charactor/Gura/spr_Gura_Run_red/spr_Gura_Run_red_0.png using Guid(1617ff2ed71fb744b86fa2544a1ace18) Importer(815301076,1909f56bfc062723c751e8b465ee728b) (PreviewImporter) -> (artifact id: 'ee625b5a54a23fe4c61e2f218e787663') in 0.1287126 seconds
Number of updated asset objects reloaded before import = 0Number of asset objects unloaded after import = 3

========================================================================
Received Import Request.
  Time since last request: 0.000030 seconds.
  path: Assets/Sprites/Charactor/Gura/spr_Gura_Run_red/spr_Gura_Run_red_3.png
  artifactKey: Guid(9f025c226ee62b24394672d004179cb1) Importer(815301076,1909f56bfc062723c751e8b465ee728b)
Start importing Assets/Sprites/Charactor/Gura/spr_Gura_Run_red/spr_Gura_Run_red_3.png using Guid(9f025c226ee62b24394672d004179cb1) Importer(815301076,1909f56bfc062723c751e8b465ee728b) (PreviewImporter) -> (artifact id: 'd25c0c8fdf01f1c1bd035031ee4251bc') in 0.0137109 seconds
Number of updated asset objects reloaded before import = 0Number of asset objects unloaded after import = 3

========================================================================
Received Import Request.
  Time since last request: 0.000040 seconds.
  path: Assets/Sprites/Charactor/Gura/spr_Gura_Run_red/spr_Gura_Run_red_5.png
  artifactKey: Guid(b5f47b35c15e24845843a008dac24ac0) Importer(815301076,1909f56bfc062723c751e8b465ee728b)
Start importing Assets/Sprites/Charactor/Gura/spr_Gura_Run_red/spr_Gura_Run_red_5.png using Guid(b5f47b35c15e24845843a008dac24ac0) Importer(815301076,1909f56bfc062723c751e8b465ee728b) (PreviewImporter) -> (artifact id: 'de58bfb140788594913bc87fc2ed0bc5') in 0.0153723 seconds
Number of updated asset objects reloaded before import = 0Number of asset objects unloaded after import = 3

========================================================================
Received Import Request.
  Time since last request: 4.825946 seconds.
  path: Assets/Sprites/Charactor/Gura/spr_Gura_Idle
  artifactKey: Guid(d4341172a36f61a409daa11fa370757a) Importer(815301076,1909f56bfc062723c751e8b465ee728b)
Start importing Assets/Sprites/Charactor/Gura/spr_Gura_Idle using Guid(d4341172a36f61a409daa11fa370757a) Importer(815301076,1909f56bfc062723c751e8b465ee728b) (PreviewImporter) -> (artifact id: '612b99ac2d578035487f7ad5265583e4') in 0.0007367 seconds
Number of updated asset objects reloaded before import = 0Number of asset objects unloaded after import = 0

========================================================================
Received Import Request.
  Time since last request: 0.027283 seconds.
  path: Assets/Sprites/Charactor/Gura/spr_Gura_Idle/spr_Gura_Idle_0.png
  artifactKey: Guid(cf440d237011c274281224341e65f6cb) Importer(815301076,1909f56bfc062723c751e8b465ee728b)
Start importing Assets/Sprites/Charactor/Gura/spr_Gura_Idle/spr_Gura_Idle_0.png using Guid(cf440d237011c274281224341e65f6cb) Importer(815301076,1909f56bfc062723c751e8b465ee728b) (PreviewImporter) -> (artifact id: '319363c93b80008e5664626444798b28') in 0.0143447 seconds
Number of updated asset objects reloaded before import = 0Number of asset objects unloaded after import = 3

========================================================================
Received Import Request.
  Time since last request: 0.000023 seconds.
  path: Assets/Sprites/Charactor/Gura/spr_Gura_Idle/spr_Gura_Idle_2.png
  artifactKey: Guid(0b36506f12bf6b14cbae752246611078) Importer(815301076,1909f56bfc062723c751e8b465ee728b)
Start importing Assets/Sprites/Charactor/Gura/spr_Gura_Idle/spr_Gura_Idle_2.png using Guid(0b36506f12bf6b14cbae752246611078) Importer(815301076,1909f56bfc062723c751e8b465ee728b) (PreviewImporter) -> (artifact id: '165d8f407c71634674ca3cbc2125dd17') in 0.0180349 seconds
Number of updated asset objects reloaded before import = 0Number of asset objects unloaded after import = 3

========================================================================
Received Import Request.
  Time since last request: 4.572269 seconds.
  path: Assets/Sprites/Charactor/Gura/spr_Gura_Idle/spr_Gura.png
  artifactKey: Guid(1f9dba6c31859b648a420f89016d171c) Importer(815301076,1909f56bfc062723c751e8b465ee728b)
Start importing Assets/Sprites/Charactor/Gura/spr_Gura_Idle/spr_Gura.png using Guid(1f9dba6c31859b648a420f89016d171c) Importer(815301076,1909f56bfc062723c751e8b465ee728b) (PreviewImporter) -> (artifact id: 'c511b256ab06ddb8328beebce7a037ce') in 0.0144788 seconds
Number of updated asset objects reloaded before import = 0Number of asset objects unloaded after import = 3

========================================================================
Received Import Request.
  Time since last request: 119.997279 seconds.
  path: Assets/Sprites/Charactor/Gura/spr_Gura_Run/spr_Gura_Run_0.png
  artifactKey: Guid(bb1f9f487033c6845909272fad044459) Importer(815301076,1909f56bfc062723c751e8b465ee728b)
Start importing Assets/Sprites/Charactor/Gura/spr_Gura_Run/spr_Gura_Run_0.png using Guid(bb1f9f487033c6845909272fad044459) Importer(815301076,1909f56bfc062723c751e8b465ee728b) (PreviewImporter) -> (artifact id: '287ebbba2b796ceeef761b9a54f866a6') in 0.0122367 seconds
Number of updated asset objects reloaded before import = 0Number of asset objects unloaded after import = 3

========================================================================
Received Import Request.
  Time since last request: 0.000020 seconds.
  path: Assets/Sprites/Charactor/Gura/spr_Gura_Run/spr_Gura_Run_4.png
  artifactKey: Guid(35dfc1d414057cf4fb7f27179561ff47) Importer(815301076,1909f56bfc062723c751e8b465ee728b)
Start importing Assets/Sprites/Charactor/Gura/spr_Gura_Run/spr_Gura_Run_4.png using Guid(35dfc1d414057cf4fb7f27179561ff47) Importer(815301076,1909f56bfc062723c751e8b465ee728b) (PreviewImporter) -> (artifact id: '5af5f433a7c387fb44557096db035eb7') in 0.0169344 seconds
Number of updated asset objects reloaded before import = 0Number of asset objects unloaded after import = 3

========================================================================
Received Import Request.
  Time since last request: 0.000018 seconds.
  path: Assets/Sprites/Charactor/Gura/spr_Gura_Run/spr_Gura_Run_3.png
  artifactKey: Guid(b934b18e24ae5884e999d4dacd1eba76) Importer(815301076,1909f56bfc062723c751e8b465ee728b)
Start importing Assets/Sprites/Charactor/Gura/spr_Gura_Run/spr_Gura_Run_3.png using Guid(b934b18e24ae5884e999d4dacd1eba76) Importer(815301076,1909f56bfc062723c751e8b465ee728b) (PreviewImporter) -> (artifact id: 'b7a6b20c20c044903bdcf696470b5a74') in 0.0127959 seconds
Number of updated asset objects reloaded before import = 0Number of asset objects unloaded after import = 3

========================================================================
Received Prepare
Begin MonoManager ReloadAssembly
- Loaded All Assemblies, in  0.975 seconds
Refreshing native plugins compatible for Editor in 3.28 ms, found 4 plugins.
Native extension for Android target not found
Native extension for WindowsStandalone target not found
Mono: successfully reloaded assembly
[Package Manager] Failed to launch server process. Reason: Unity was launched with the -noUpm command-line argument
[Package Manager] Unable to send message (not connected to server process).
[Package Manager] Cannot connect to Unity Package Manager local server
- Finished resetting the current domain, in  1.162 seconds
Domain Reload Profiling: 2139ms
	BeginReloadAssembly (283ms)
		ExecutionOrderSort (0ms)
		DisableScriptedObjects (18ms)
		BackupInstance (0ms)
		ReleaseScriptingObjects (0ms)
		CreateAndSetChildDomain (83ms)
	RebuildCommonClasses (47ms)
	RebuildNativeTypeToScriptingClass (19ms)
	initialDomainReloadingComplete (36ms)
	LoadAllAssembliesAndSetupDomain (591ms)
		LoadAssemblies (430ms)
		RebuildTransferFunctionScriptingTraits (0ms)
		AnalyzeDomain (294ms)
			TypeCache.Refresh (10ms)
				TypeCache.ScanAssembly (0ms)
			BuildScriptInfoCaches (259ms)
			ResolveRequiredComponents (18ms)
	FinalizeReload (1163ms)
		ReleaseScriptCaches (0ms)
		RebuildScriptCaches (0ms)
		SetupLoadedEditorAssemblies (855ms)
			LogAssemblyErrors (0ms)
			InitializePlatformSupportModulesInManaged (13ms)
			SetLoadedEditorAssemblies (4ms)
			BeforeProcessingInitializeOnLoad (162ms)
			ProcessInitializeOnLoadAttributes (567ms)
			ProcessInitializeOnLoadMethodAttributes (105ms)
			AfterProcessingInitializeOnLoad (3ms)
			EditorAssembliesLoaded (0ms)
		ExecutionOrderSort2 (0ms)
		AwakeInstancesAfterBackupRestoration (20ms)
Refreshing native plugins compatible for Editor in 3.79 ms, found 4 plugins.
Preloading 0 native plugins for Editor in 0.00 ms.
Unloading 14 Unused Serialized files (Serialized files now loaded: 0)
Unloading 6883 unused Assets / (4.4 MB). Loaded Objects now: 7611.
Memory consumption went from 146.8 MB to 142.4 MB.
Total: 18.443800 ms (FindLiveObjects: 1.163800 ms CreateObjectMapping: 2.369500 ms MarkObjects: 10.081100 ms  DeleteObjects: 4.828000 ms)

Prepare: number of updated asset objects reloaded= 0
========================================================================
Received Prepare
Begin MonoManager ReloadAssembly
- Loaded All Assemblies, in  0.923 seconds
Refreshing native plugins compatible for Editor in 2.30 ms, found 4 plugins.
Native extension for Android target not found
Native extension for WindowsStandalone target not found
Mono: successfully reloaded assembly
[Package Manager] Failed to launch server process. Reason: Unity was launched with the -noUpm command-line argument
[Package Manager] Unable to send message (not connected to server process).
[Package Manager] Cannot connect to Unity Package Manager local server
- Finished resetting the current domain, in  1.176 seconds
Domain Reload Profiling: 2103ms
	BeginReloadAssembly (255ms)
		ExecutionOrderSort (0ms)
		DisableScriptedObjects (18ms)
		BackupInstance (0ms)
		ReleaseScriptingObjects (0ms)
		CreateAndSetChildDomain (67ms)
	RebuildCommonClasses (44ms)
	RebuildNativeTypeToScriptingClass (17ms)
	initialDomainReloadingComplete (36ms)
	LoadAllAssembliesAndSetupDomain (573ms)
		LoadAssemblies (423ms)
		RebuildTransferFunctionScriptingTraits (0ms)
		AnalyzeDomain (273ms)
			TypeCache.Refresh (10ms)
				TypeCache.ScanAssembly (0ms)
			BuildScriptInfoCaches (242ms)
			ResolveRequiredComponents (15ms)
	FinalizeReload (1177ms)
		ReleaseScriptCaches (0ms)
		RebuildScriptCaches (0ms)
		SetupLoadedEditorAssemblies (888ms)
			LogAssemblyErrors (0ms)
			InitializePlatformSupportModulesInManaged (13ms)
			SetLoadedEditorAssemblies (6ms)
			BeforeProcessingInitializeOnLoad (194ms)
			ProcessInitializeOnLoadAttributes (559ms)
			ProcessInitializeOnLoadMethodAttributes (110ms)
			AfterProcessingInitializeOnLoad (4ms)
			EditorAssembliesLoaded (0ms)
		ExecutionOrderSort2 (0ms)
		AwakeInstancesAfterBackupRestoration (15ms)
Refreshing native plugins compatible for Editor in 2.61 ms, found 4 plugins.
Preloading 0 native plugins for Editor in 0.00 ms.
Unloading 14 Unused Serialized files (Serialized files now loaded: 0)
Unloading 6883 unused Assets / (4.6 MB). Loaded Objects now: 7613.
Memory consumption went from 146.8 MB to 142.3 MB.
Total: 15.147600 ms (FindLiveObjects: 1.225600 ms CreateObjectMapping: 1.869800 ms MarkObjects: 7.487500 ms  DeleteObjects: 4.563300 ms)

Prepare: number of updated asset objects reloaded= 0
========================================================================
Received Import Request.
  Time since last request: 360.537534 seconds.
  path: Packages/com.unity.render-pipelines.universal/Runtime/Materials/ArnoldStandardSurface/ArnoldStandardSurface.shadergraph
  artifactKey: Guid(3739e562a03fc0b4982d8aa66cc50865) Importer(815301076,1909f56bfc062723c751e8b465ee728b)
Start importing Packages/com.unity.render-pipelines.universal/Runtime/Materials/ArnoldStandardSurface/ArnoldStandardSurface.shadergraph using Guid(3739e562a03fc0b4982d8aa66cc50865) Importer(815301076,1909f56bfc062723c751e8b465ee728b) (PreviewImporter) -> (artifact id: '20f4e6243d846bb70cc6742db2663d2e') in 1.36271 seconds
Number of updated asset objects reloaded before import = 0Number of asset objects unloaded after import = 5

========================================================================
Received Import Request.
  Time since last request: 0.000044 seconds.
  path: Packages/com.unity.render-pipelines.universal/Shaders/AutodeskInteractive/AutodeskInteractiveTransparent.shadergraph
  artifactKey: Guid(5c81372d981403744adbdda4433c9c11) Importer(815301076,1909f56bfc062723c751e8b465ee728b)
Start importing Packages/com.unity.render-pipelines.universal/Shaders/AutodeskInteractive/AutodeskInteractiveTransparent.shadergraph using Guid(5c81372d981403744adbdda4433c9c11) Importer(815301076,1909f56bfc062723c751e8b465ee728b) (PreviewImporter) -> (artifact id: '903eb320101429b9b5d58ece41f6eaa1') in 0.5488734 seconds
Number of updated asset objects reloaded before import = 0Number of asset objects unloaded after import = 0

========================================================================
Received Import Request.
  Time since last request: 0.000048 seconds.
  path: Packages/com.unity.2d.psdimporter/Editor/Assets/root-blue.mat
  artifactKey: Guid(28638862ea1084726a3511cd325fc53d) Importer(815301076,1909f56bfc062723c751e8b465ee728b)
Start importing Packages/com.unity.2d.psdimporter/Editor/Assets/root-blue.mat using Guid(28638862ea1084726a3511cd325fc53d) Importer(815301076,1909f56bfc062723c751e8b465ee728b) (PreviewImporter) -> (artifact id: '1968f3996471f792cdc8e425f655ff08') in 0.0404738 seconds
Number of updated asset objects reloaded before import = 0Number of asset objects unloaded after import = 1

========================================================================
Received Import Request.
  Time since last request: 0.000028 seconds.
  path: Packages/com.unity.searcher/Editor/Resources/FlatSkin/Font/Roboto-MediumItalic.ttf
  artifactKey: Guid(d93c1bc57fdf1ac4dad1bf04fac05464) Importer(815301076,1909f56bfc062723c751e8b465ee728b)
Start importing Packages/com.unity.searcher/Editor/Resources/FlatSkin/Font/Roboto-MediumItalic.ttf using Guid(d93c1bc57fdf1ac4dad1bf04fac05464) Importer(815301076,1909f56bfc062723c751e8b465ee728b) (PreviewImporter) -> (artifact id: 'd6d80a9c9b7b25daa4772b74788d9500') in 0.0407302 seconds
Number of updated asset objects reloaded before import = 0Number of asset objects unloaded after import = 4

========================================================================
Received Import Request.
  Time since last request: 0.000033 seconds.
  path: Packages/com.unity.render-pipelines.universal/Editor/SceneTemplates/Standard/Materials/White.mat
  artifactKey: Guid(f96821bbefeea864b9b418af4b8615ac) Importer(815301076,1909f56bfc062723c751e8b465ee728b)
Start importing Packages/com.unity.render-pipelines.universal/Editor/SceneTemplates/Standard/Materials/White.mat using Guid(f96821bbefeea864b9b418af4b8615ac) Importer(815301076,1909f56bfc062723c751e8b465ee728b) (PreviewImporter) -> (artifact id: 'c1b99a5c999cf1a677964db9d7021dab') in 0.0169243 seconds
Number of updated asset objects reloaded before import = 0Number of asset objects unloaded after import = 1

========================================================================
Received Import Request.
  Time since last request: 0.000025 seconds.
  path: Packages/com.unity.render-pipelines.universal/Shaders/2D/VFXSpriteLit.shadergraph
  artifactKey: Guid(24a73dccd7b6fad4798be282f96a21f4) Importer(815301076,1909f56bfc062723c751e8b465ee728b)
Start importing Packages/com.unity.render-pipelines.universal/Shaders/2D/VFXSpriteLit.shadergraph using Guid(24a73dccd7b6fad4798be282f96a21f4) Importer(815301076,1909f56bfc062723c751e8b465ee728b) (PreviewImporter) -> (artifact id: '771db44545c884f85aa68dc977368596') in 0.2811853 seconds
Number of updated asset objects reloaded before import = 0Number of asset objects unloaded after import = 2

========================================================================
Received Import Request.
  Time since last request: 0.000049 seconds.
  path: Packages/com.unity.render-pipelines.universal/Runtime/Materials/Sprite-Unlit-Default.mat
  artifactKey: Guid(9dfc825aed78fcd4ba02077103263b40) Importer(815301076,1909f56bfc062723c751e8b465ee728b)
Start importing Packages/com.unity.render-pipelines.universal/Runtime/Materials/Sprite-Unlit-Default.mat using Guid(9dfc825aed78fcd4ba02077103263b40) Importer(815301076,1909f56bfc062723c751e8b465ee728b) (PreviewImporter) -> (artifact id: '9ca9d01ef33ac9c1bb77b4b3895072fb') in 0.0081942 seconds
Number of updated asset objects reloaded before import = 0Number of asset objects unloaded after import = 0

========================================================================
Received Import Request.
  Time since last request: 0.000040 seconds.
  path: Packages/com.unity.render-pipelines.universal/Runtime/Materials/SimpleLit.mat
  artifactKey: Guid(6a1143ee683302f4aa628c052723efc1) Importer(815301076,1909f56bfc062723c751e8b465ee728b)
Start importing Packages/com.unity.render-pipelines.universal/Runtime/Materials/SimpleLit.mat using Guid(6a1143ee683302f4aa628c052723efc1) Importer(815301076,1909f56bfc062723c751e8b465ee728b) (PreviewImporter) -> (artifact id: '9ae829de0ffbfe92c12271377ad7b964') in 0.0503657 seconds
Number of updated asset objects reloaded before import = 0Number of asset objects unloaded after import = 2

========================================================================
Received Import Request.
  Time since last request: 0.000086 seconds.
  path: Packages/com.unity.render-pipelines.universal/Editor/SceneTemplates/Standard/Materials/Ground.mat
  artifactKey: Guid(761d8e1f988ed2345a28312145c79c6e) Importer(815301076,1909f56bfc062723c751e8b465ee728b)
Start importing Packages/com.unity.render-pipelines.universal/Editor/SceneTemplates/Standard/Materials/Ground.mat using Guid(761d8e1f988ed2345a28312145c79c6e) Importer(815301076,1909f56bfc062723c751e8b465ee728b) (PreviewImporter) -> (artifact id: '6f9b046c81a88874d110053d2342c323') in 0.0095182 seconds
Number of updated asset objects reloaded before import = 0Number of asset objects unloaded after import = 1

========================================================================
Received Import Request.
  Time since last request: 0.000026 seconds.
  path: Packages/com.unity.searcher/Editor/Resources/FlatSkin/Font/Roboto-Black.ttf
  artifactKey: Guid(1062c701058745940ae5dca6219c64c8) Importer(815301076,1909f56bfc062723c751e8b465ee728b)
Start importing Packages/com.unity.searcher/Editor/Resources/FlatSkin/Font/Roboto-Black.ttf using Guid(1062c701058745940ae5dca6219c64c8) Importer(815301076,1909f56bfc062723c751e8b465ee728b) (PreviewImporter) -> (artifact id: '3b800e95c5fc6c519d6e3d2241ffcefc') in 0.01381 seconds
Number of updated asset objects reloaded before import = 0Number of asset objects unloaded after import = 4

========================================================================
Received Import Request.
  Time since last request: 0.000026 seconds.
  path: Packages/com.unity.2d.psdimporter/Editor/Assets/root-green.mat
  artifactKey: Guid(bc6da4580f5514e458fe5def87e138be) Importer(815301076,1909f56bfc062723c751e8b465ee728b)
Start importing Packages/com.unity.2d.psdimporter/Editor/Assets/root-green.mat using Guid(bc6da4580f5514e458fe5def87e138be) Importer(815301076,1909f56bfc062723c751e8b465ee728b) (PreviewImporter) -> (artifact id: 'f87605ae46a60020d8dfafaab0194fc9') in 0.0063182 seconds
Number of updated asset objects reloaded before import = 0Number of asset objects unloaded after import = 1

========================================================================
Received Import Request.
  Time since last request: 0.000027 seconds.
  path: Packages/com.unity.2d.psdimporter/Editor/Assets/root-red.mat
  artifactKey: Guid(4459fff084dd84526ab8fd5082d2eacb) Importer(815301076,1909f56bfc062723c751e8b465ee728b)
Start importing Packages/com.unity.2d.psdimporter/Editor/Assets/root-red.mat using Guid(4459fff084dd84526ab8fd5082d2eacb) Importer(815301076,1909f56bfc062723c751e8b465ee728b) (PreviewImporter) -> (artifact id: 'bcf0bd4146e309ff50645710fdd2edf0') in 0.0062729 seconds
Number of updated asset objects reloaded before import = 0Number of asset objects unloaded after import = 1

========================================================================
Received Import Request.
  Time since last request: 0.000036 seconds.
  path: Packages/com.unity.searcher/Editor/Resources/FlatSkin/Font/Roboto-Regular.ttf
  artifactKey: Guid(30dc370b164eefc43b95744fc796dad0) Importer(815301076,1909f56bfc062723c751e8b465ee728b)
Start importing Packages/com.unity.searcher/Editor/Resources/FlatSkin/Font/Roboto-Regular.ttf using Guid(30dc370b164eefc43b95744fc796dad0) Importer(815301076,1909f56bfc062723c751e8b465ee728b) (PreviewImporter) -> (artifact id: '7da704491ccaee9cfa40af42bd3d0eff') in 0.0115469 seconds
Number of updated asset objects reloaded before import = 0Number of asset objects unloaded after import = 4

========================================================================
Received Import Request.
  Time since last request: 0.000027 seconds.
  path: Packages/com.unity.render-pipelines.universal/Runtime/Materials/FullscreenInvertColors.mat
  artifactKey: Guid(78a08787ca30045abb69f6f7dd878e09) Importer(815301076,1909f56bfc062723c751e8b465ee728b)
Start importing Packages/com.unity.render-pipelines.universal/Runtime/Materials/FullscreenInvertColors.mat using Guid(78a08787ca30045abb69f6f7dd878e09) Importer(815301076,1909f56bfc062723c751e8b465ee728b) (PreviewImporter) -> (artifact id: 'ce6e214f6aa6a30b1f251b3bceb919f9') in 0.2799117 seconds
Number of updated asset objects reloaded before import = 0Number of asset objects unloaded after import = 2

========================================================================
Received Import Request.
  Time since last request: 0.000033 seconds.
  path: Packages/com.unity.render-pipelines.universal/Editor/SceneTemplates/Standard/Materials/Black.mat
  artifactKey: Guid(4f1ef37ae953c484bbc5d5e4049147e5) Importer(815301076,1909f56bfc062723c751e8b465ee728b)
Start importing Packages/com.unity.render-pipelines.universal/Editor/SceneTemplates/Standard/Materials/Black.mat using Guid(4f1ef37ae953c484bbc5d5e4049147e5) Importer(815301076,1909f56bfc062723c751e8b465ee728b) (PreviewImporter) -> (artifact id: 'b1f027703663a79b6dd2a16d1176de0f') in 0.0081216 seconds
Number of updated asset objects reloaded before import = 0Number of asset objects unloaded after import = 1

========================================================================
Received Import Request.
  Time since last request: 0.000042 seconds.
  path: Packages/com.unity.render-pipelines.universal/Runtime/Materials/Sprite-Lit-Default.mat
  artifactKey: Guid(a97c105638bdf8b4a8650670310a4cd3) Importer(815301076,1909f56bfc062723c751e8b465ee728b)
Start importing Packages/com.unity.render-pipelines.universal/Runtime/Materials/Sprite-Lit-Default.mat using Guid(a97c105638bdf8b4a8650670310a4cd3) Importer(815301076,1909f56bfc062723c751e8b465ee728b) (PreviewImporter) -> (artifact id: 'c35764486ce646ca939f427b31d73144') in 0.0071517 seconds
Number of updated asset objects reloaded before import = 0Number of asset objects unloaded after import = 0

========================================================================
Received Import Request.
  Time since last request: 0.000035 seconds.
  path: Packages/com.unity.render-pipelines.universal/Runtime/Materials/Lit.mat
  artifactKey: Guid(31321ba15b8f8eb4c954353edc038b1d) Importer(815301076,1909f56bfc062723c751e8b465ee728b)
Start importing Packages/com.unity.render-pipelines.universal/Runtime/Materials/Lit.mat using Guid(31321ba15b8f8eb4c954353edc038b1d) Importer(815301076,1909f56bfc062723c751e8b465ee728b) (PreviewImporter) -> (artifact id: '220101877efb7a7c9ab4dfd668c4c2e3') in 0.0074188 seconds
Number of updated asset objects reloaded before import = 0Number of asset objects unloaded after import = 0

========================================================================
Received Import Request.
  Time since last request: 0.000029 seconds.
  path: Assets/Font/VNF-Comic Sans.ttf
  artifactKey: Guid(f1335c5ade851874e8e23364e6bab19a) Importer(815301076,1909f56bfc062723c751e8b465ee728b)
Start importing Assets/Font/VNF-Comic Sans.ttf using Guid(f1335c5ade851874e8e23364e6bab19a) Importer(815301076,1909f56bfc062723c751e8b465ee728b) (PreviewImporter) -> (artifact id: '32d5065af5e14d025e2b6f1be4b61598') in 0.0123098 seconds
Number of updated asset objects reloaded before import = 0Number of asset objects unloaded after import = 4

========================================================================
Received Import Request.
  Time since last request: 0.000032 seconds.
  path: Packages/com.unity.render-pipelines.core/Runtime/Debugging/Prefabs/Fonts/PerfectDOSVGA437.ttf
  artifactKey: Guid(74a5091d8707f334b9a5c31ef71a64ba) Importer(815301076,1909f56bfc062723c751e8b465ee728b)
Start importing Packages/com.unity.render-pipelines.core/Runtime/Debugging/Prefabs/Fonts/PerfectDOSVGA437.ttf using Guid(74a5091d8707f334b9a5c31ef71a64ba) Importer(815301076,1909f56bfc062723c751e8b465ee728b) (PreviewImporter) -> (artifact id: 'e6bc2fc388fb2737bdd36bdb343721da') in 0.0125871 seconds
Number of updated asset objects reloaded before import = 0Number of asset objects unloaded after import = 4

========================================================================
Received Import Request.
  Time since last request: 0.000029 seconds.
  path: Packages/com.unity.render-pipelines.universal/Shaders/Nature/SpeedTree8_PBRLit.shadergraph
  artifactKey: Guid(9920c1f1781549a46ba081a2a15a16ec) Importer(815301076,1909f56bfc062723c751e8b465ee728b)
Start importing Packages/com.unity.render-pipelines.universal/Shaders/Nature/SpeedTree8_PBRLit.shadergraph using Guid(9920c1f1781549a46ba081a2a15a16ec) Importer(815301076,1909f56bfc062723c751e8b465ee728b) (PreviewImporter) -> (artifact id: '9078ef49a37234de090997a44ddbecf2') in 1.0725641 seconds
Number of updated asset objects reloaded before import = 0Number of asset objects unloaded after import = 0

========================================================================
Received Import Request.
  Time since last request: 0.000032 seconds.
  path: Packages/com.unity.searcher/Editor/Resources/FlatSkin/Font/Roboto-Bold.ttf
  artifactKey: Guid(3750c318f40cab44a97d3a81beaefeb3) Importer(815301076,1909f56bfc062723c751e8b465ee728b)
Start importing Packages/com.unity.searcher/Editor/Resources/FlatSkin/Font/Roboto-Bold.ttf using Guid(3750c318f40cab44a97d3a81beaefeb3) Importer(815301076,1909f56bfc062723c751e8b465ee728b) (PreviewImporter) -> (artifact id: '0b7187bc4f10f8caee46c8a7279fd7d1') in 0.0128071 seconds
Number of updated asset objects reloaded before import = 0Number of asset objects unloaded after import = 4

========================================================================
Received Import Request.
  Time since last request: 0.000045 seconds.
  path: Packages/com.unity.searcher/Editor/Resources/FlatSkin/Font/Roboto-Italic.ttf
  artifactKey: Guid(c839255fc8f6b4b4d90bf8c1af9f9bd1) Importer(815301076,1909f56bfc062723c751e8b465ee728b)
Start importing Packages/com.unity.searcher/Editor/Resources/FlatSkin/Font/Roboto-Italic.ttf using Guid(c839255fc8f6b4b4d90bf8c1af9f9bd1) Importer(815301076,1909f56bfc062723c751e8b465ee728b) (PreviewImporter) -> (artifact id: '1f2c5472cfd9d62800790929aeb76142') in 0.0136307 seconds
Number of updated asset objects reloaded before import = 0Number of asset objects unloaded after import = 4

========================================================================
Received Import Request.
  Time since last request: 0.000032 seconds.
  path: Packages/com.unity.searcher/Editor/Resources/FlatSkin/Font/Roboto-ThinItalic.ttf
  artifactKey: Guid(b2ea3b3f1765e544b9eb5bd1a93a91ce) Importer(815301076,1909f56bfc062723c751e8b465ee728b)
Start importing Packages/com.unity.searcher/Editor/Resources/FlatSkin/Font/Roboto-ThinItalic.ttf using Guid(b2ea3b3f1765e544b9eb5bd1a93a91ce) Importer(815301076,1909f56bfc062723c751e8b465ee728b) (PreviewImporter) -> (artifact id: '7ca346d3f5d653a951fbc6b15f52b955') in 0.0144875 seconds
Number of updated asset objects reloaded before import = 0Number of asset objects unloaded after import = 4

========================================================================
Received Import Request.
  Time since last request: 0.000035 seconds.
  path: Packages/com.unity.render-pipelines.universal/Runtime/Materials/Decal.mat
  artifactKey: Guid(31d0dcc6f2dd4e4408d18036a2c93862) Importer(815301076,1909f56bfc062723c751e8b465ee728b)
Start importing Packages/com.unity.render-pipelines.universal/Runtime/Materials/Decal.mat using Guid(31d0dcc6f2dd4e4408d18036a2c93862) Importer(815301076,1909f56bfc062723c751e8b465ee728b) (PreviewImporter) -> (artifact id: '96c5be2a68d3a0b22ec06a9bf0b64fbe') in 0.0108139 seconds
Number of updated asset objects reloaded before import = 0Number of asset objects unloaded after import = 0

========================================================================
Received Import Request.
  Time since last request: 0.000028 seconds.
  path: Packages/com.unity.render-pipelines.universal/Runtime/Materials/SpatialMappingWireframe.mat
  artifactKey: Guid(9875a245ac49007498213638a307faa1) Importer(815301076,1909f56bfc062723c751e8b465ee728b)
Start importing Packages/com.unity.render-pipelines.universal/Runtime/Materials/SpatialMappingWireframe.mat using Guid(9875a245ac49007498213638a307faa1) Importer(815301076,1909f56bfc062723c751e8b465ee728b) (PreviewImporter) -> (artifact id: 'bc154fc6850142c506eb3694fe4bd2f0') in 0.008994 seconds
Number of updated asset objects reloaded before import = 0Number of asset objects unloaded after import = 1

========================================================================
Received Import Request.
  Time since last request: 0.000027 seconds.
  path: Packages/com.unity.render-pipelines.universal/Runtime/Materials/PhysicalMaterial3DsMax/PhysicalMaterial3DsMaxTransparent.shadergraph
  artifactKey: Guid(1a207e3bee00db44b940e6f362a8e148) Importer(815301076,1909f56bfc062723c751e8b465ee728b)
Start importing Packages/com.unity.render-pipelines.universal/Runtime/Materials/PhysicalMaterial3DsMax/PhysicalMaterial3DsMaxTransparent.shadergraph using Guid(1a207e3bee00db44b940e6f362a8e148) Importer(815301076,1909f56bfc062723c751e8b465ee728b) (PreviewImporter) -> (artifact id: 'b5309fe49cb8e1511a6c17824f7c23df') in 0.4387706 seconds
Number of updated asset objects reloaded before import = 0Number of asset objects unloaded after import = 5

========================================================================
Received Import Request.
  Time since last request: 0.000038 seconds.
  path: Packages/com.unity.searcher/Editor/Resources/FlatSkin/Font/Roboto-BoldItalic.ttf
  artifactKey: Guid(dfb97a9307a577a41bcacba34b9a7e32) Importer(815301076,1909f56bfc062723c751e8b465ee728b)
Start importing Packages/com.unity.searcher/Editor/Resources/FlatSkin/Font/Roboto-BoldItalic.ttf using Guid(dfb97a9307a577a41bcacba34b9a7e32) Importer(815301076,1909f56bfc062723c751e8b465ee728b) (PreviewImporter) -> (artifact id: '8689370a9b994bb7a086ab1b164fc9f0') in 0.013034 seconds
Number of updated asset objects reloaded before import = 0Number of asset objects unloaded after import = 4

========================================================================
Received Import Request.
  Time since last request: 0.000041 seconds.
  path: Packages/com.unity.searcher/Editor/Resources/FlatSkin/Font/Roboto-LightItalic.ttf
  artifactKey: Guid(5e63515167650a541b309ba3bfd4db3d) Importer(815301076,1909f56bfc062723c751e8b465ee728b)
Start importing Packages/com.unity.searcher/Editor/Resources/FlatSkin/Font/Roboto-LightItalic.ttf using Guid(5e63515167650a541b309ba3bfd4db3d) Importer(815301076,1909f56bfc062723c751e8b465ee728b) (PreviewImporter) -> (artifact id: '4de3c8cc0cc6fd59d2d14311575573c3') in 0.0137935 seconds
Number of updated asset objects reloaded before import = 0Number of asset objects unloaded after import = 4

========================================================================
Received Import Request.
  Time since last request: 33.220557 seconds.
  path: Assets
  artifactKey: Guid(00000000000000001000000000000000) Importer(815301076,1909f56bfc062723c751e8b465ee728b)
Start importing Assets using Guid(00000000000000001000000000000000) Importer(815301076,1909f56bfc062723c751e8b465ee728b) (PreviewImporter) -> (artifact id: '4894b78492daf3ae8a15ca4381455b16') in 0.0008273 seconds
Number of updated asset objects reloaded before import = 0Number of asset objects unloaded after import = 0

========================================================================
Received Import Request.
  Time since last request: 14.177208 seconds.
  path: Assets/Character
  artifactKey: Guid(a3413f6fc85fe1c4fa966324f12930e6) Importer(815301076,1909f56bfc062723c751e8b465ee728b)
Start importing Assets/Character using Guid(a3413f6fc85fe1c4fa966324f12930e6) Importer(815301076,1909f56bfc062723c751e8b465ee728b) (PreviewImporter) -> (artifact id: 'd24aef27d4649db7ff058e0c1cf0684e') in 0.001015 seconds
Number of updated asset objects reloaded before import = 0Number of asset objects unloaded after import = 0

========================================================================
Received Import Request.
  Time since last request: 27.816055 seconds.
  path: Assets/Enviroment
  artifactKey: Guid(ab8256a7b4da6704d9571212cd845985) Importer(815301076,1909f56bfc062723c751e8b465ee728b)
Start importing Assets/Enviroment using Guid(ab8256a7b4da6704d9571212cd845985) Importer(815301076,1909f56bfc062723c751e8b465ee728b) (PreviewImporter) -> (artifact id: '6d0b3f97f0e038a4b439eecb3a930182') in 0.0008725 seconds
Number of updated asset objects reloaded before import = 0Number of asset objects unloaded after import = 0

========================================================================
Received Import Request.
  Time since last request: 15.741204 seconds.
  path: Assets/Character/Gura
  artifactKey: Guid(ace8f0cc80f932b4f8ecfc3b4c75e487) Importer(815301076,1909f56bfc062723c751e8b465ee728b)
Start importing Assets/Character/Gura using Guid(ace8f0cc80f932b4f8ecfc3b4c75e487) Importer(815301076,1909f56bfc062723c751e8b465ee728b) (PreviewImporter) -> (artifact id: '3996c6fd9546aee61211fd3fd0e9b897') in 0.0007429 seconds
Number of updated asset objects reloaded before import = 0Number of asset objects unloaded after import = 0

========================================================================
Received Import Request.
  Time since last request: 21.727706 seconds.
  path: Assets/Character/Gura/Sprites
  artifactKey: Guid(ba53d140003f5db4e898b3cea181d869) Importer(815301076,1909f56bfc062723c751e8b465ee728b)
Start importing Assets/Character/Gura/Sprites using Guid(ba53d140003f5db4e898b3cea181d869) Importer(815301076,1909f56bfc062723c751e8b465ee728b) (PreviewImporter) -> (artifact id: '878724714e78dc9b97a9faa49364247c') in 0.0007903 seconds
Number of updated asset objects reloaded before import = 0Number of asset objects unloaded after import = 0

========================================================================
Received Import Request.
  Time since last request: 8.475959 seconds.
  path: Assets/Character/Gura/Animation
  artifactKey: Guid(628ad32195e60b44d9526831eb529e04) Importer(815301076,1909f56bfc062723c751e8b465ee728b)
Start importing Assets/Character/Gura/Animation using Guid(628ad32195e60b44d9526831eb529e04) Importer(815301076,1909f56bfc062723c751e8b465ee728b) (PreviewImporter) -> (artifact id: 'd667bbca2da34061ee666a77eeaf9149') in 0.0009214 seconds
Number of updated asset objects reloaded before import = 0Number of asset objects unloaded after import = 0

========================================================================
Received Import Request.
  Time since last request: 6.821731 seconds.
  path: Assets/Character/Gura/Script
  artifactKey: Guid(4aa6f77a532db2641b51f78ca1de536d) Importer(815301076,1909f56bfc062723c751e8b465ee728b)
Start importing Assets/Character/Gura/Script using Guid(4aa6f77a532db2641b51f78ca1de536d) Importer(815301076,1909f56bfc062723c751e8b465ee728b) (PreviewImporter) -> (artifact id: 'facb53094621eda2cb540a784f785aeb') in 0.0009305 seconds
Number of updated asset objects reloaded before import = 0Number of asset objects unloaded after import = 0

========================================================================
Received Import Request.
  Time since last request: 9.893465 seconds.
  path: Assets/Animation
  artifactKey: Guid(14fd286d3788e6046b00f2b9d42c8095) Importer(815301076,1909f56bfc062723c751e8b465ee728b)
Start importing Assets/Animation using Guid(14fd286d3788e6046b00f2b9d42c8095) Importer(815301076,1909f56bfc062723c751e8b465ee728b) (PreviewImporter) -> (artifact id: 'de440fdc15a6138f4282870f2d1b6f38') in 0.0006861 seconds
Number of updated asset objects reloaded before import = 0Number of asset objects unloaded after import = 0

========================================================================
Received Import Request.
  Time since last request: 1.111380 seconds.
  path: Assets/Animation/Charactor
  artifactKey: Guid(bc965b0a1951f1f4fb12f77d8e699a4a) Importer(815301076,1909f56bfc062723c751e8b465ee728b)
Start importing Assets/Animation/Charactor using Guid(bc965b0a1951f1f4fb12f77d8e699a4a) Importer(815301076,1909f56bfc062723c751e8b465ee728b) (PreviewImporter) -> (artifact id: 'f61b2ee3b958f6672e16232f69e84971') in 0.000642 seconds
Number of updated asset objects reloaded before import = 0Number of asset objects unloaded after import = 0

========================================================================
Received Import Request.
  Time since last request: 1.331776 seconds.
  path: Assets/Animation/Charactor/Gura
  artifactKey: Guid(b42f94c49cd08c6428f7e7220fb8132e) Importer(815301076,1909f56bfc062723c751e8b465ee728b)
Start importing Assets/Animation/Charactor/Gura using Guid(b42f94c49cd08c6428f7e7220fb8132e) Importer(815301076,1909f56bfc062723c751e8b465ee728b) (PreviewImporter) -> (artifact id: 'b5a72e0a70023028bfac313137df75fa') in 0.0007339 seconds
Number of updated asset objects reloaded before import = 0Number of asset objects unloaded after import = 0

========================================================================
Received Import Request.
  Time since last request: 12.305056 seconds.
  path: Assets/Animation/Obj
  artifactKey: Guid(63969a485bc4b56439412c7ad18bb257) Importer(815301076,1909f56bfc062723c751e8b465ee728b)
Start importing Assets/Animation/Obj using Guid(63969a485bc4b56439412c7ad18bb257) Importer(815301076,1909f56bfc062723c751e8b465ee728b) (PreviewImporter) -> (artifact id: 'f87f5f3019277b2339eabde62bf96617') in 0.0008972 seconds
Number of updated asset objects reloaded before import = 0Number of asset objects unloaded after import = 0

========================================================================
Received Import Request.
  Time since last request: 15.305408 seconds.
  path: Assets/Enviroment/Script
  artifactKey: Guid(751874ef45f001249ac444f6cba3ed8f) Importer(815301076,1909f56bfc062723c751e8b465ee728b)
Start importing Assets/Enviroment/Script using Guid(751874ef45f001249ac444f6cba3ed8f) Importer(815301076,1909f56bfc062723c751e8b465ee728b) (PreviewImporter) -> (artifact id: 'df2ba41c9006d8c4f5a505ccb8ad93d0') in 0.0009028 seconds
Number of updated asset objects reloaded before import = 0Number of asset objects unloaded after import = 0

========================================================================
Received Import Request.
  Time since last request: 7.419573 seconds.
  path: Assets/Enviroment/Sprites
  artifactKey: Guid(3c681a281fad9de4099007eec21535c7) Importer(815301076,1909f56bfc062723c751e8b465ee728b)
Start importing Assets/Enviroment/Sprites using Guid(3c681a281fad9de4099007eec21535c7) Importer(815301076,1909f56bfc062723c751e8b465ee728b) (PreviewImporter) -> (artifact id: '3163970321942a6034e889466f240d39') in 0.0008356 seconds
Number of updated asset objects reloaded before import = 0Number of asset objects unloaded after import = 0

========================================================================
Received Import Request.
  Time since last request: 5.797588 seconds.
  path: Assets/Enviroment/Animation
  artifactKey: Guid(bf113acd0d250f74f94ed016c04febd9) Importer(815301076,1909f56bfc062723c751e8b465ee728b)
Start importing Assets/Enviroment/Animation using Guid(bf113acd0d250f74f94ed016c04febd9) Importer(815301076,1909f56bfc062723c751e8b465ee728b) (PreviewImporter) -> (artifact id: '0d8120590981437e0e2fefc69ffa8fcd') in 0.0008637 seconds
Number of updated asset objects reloaded before import = 0Number of asset objects unloaded after import = 0

========================================================================
Received Import Request.
  Time since last request: 26.236905 seconds.
  path: Assets/Font
  artifactKey: Guid(1413276279bf4ec4ebe4a6525a071c6c) Importer(815301076,1909f56bfc062723c751e8b465ee728b)
Start importing Assets/Font using Guid(1413276279bf4ec4ebe4a6525a071c6c) Importer(815301076,1909f56bfc062723c751e8b465ee728b) (PreviewImporter) -> (artifact id: '862605e88ed0fbb19b10a4dd604609f7') in 0.0006822 seconds
Number of updated asset objects reloaded before import = 0Number of asset objects unloaded after import = 0

========================================================================
Received Import Request.
  Time since last request: 5.385106 seconds.
  path: Assets/Scenes
  artifactKey: Guid(20604ecdc3fba1148a744fefbd8b62e6) Importer(815301076,1909f56bfc062723c751e8b465ee728b)
Start importing Assets/Scenes using Guid(20604ecdc3fba1148a744fefbd8b62e6) Importer(815301076,1909f56bfc062723c751e8b465ee728b) (PreviewImporter) -> (artifact id: '22e66fe39b4d9a065155605bee184b85') in 0.000826 seconds
Number of updated asset objects reloaded before import = 0Number of asset objects unloaded after import = 0

========================================================================
Received Import Request.
  Time since last request: 35.149946 seconds.
  path: Assets/Prefab/Charactor/Gura/Gura_Attack_1.prefab
  artifactKey: Guid(04b765f6798b84c4a829a69829a643f7) Importer(815301076,1909f56bfc062723c751e8b465ee728b)
Start importing Assets/Prefab/Charactor/Gura/Gura_Attack_1.prefab using Guid(04b765f6798b84c4a829a69829a643f7) Importer(815301076,1909f56bfc062723c751e8b465ee728b) (PreviewImporter) -> (artifact id: '9613b67afed1f8a456c884c75d3901c0') in 0.0515174 seconds
Number of updated asset objects reloaded before import = 0Number of asset objects unloaded after import = 25

========================================================================
Received Import Request.
  Time since last request: 0.000024 seconds.
  path: Assets/Prefab/Charactor/Gura/Gura_Spec_Attack_End_1.prefab
  artifactKey: Guid(47d36ef6f0d151b4ab32dfe047c27e15) Importer(815301076,1909f56bfc062723c751e8b465ee728b)
Start importing Assets/Prefab/Charactor/Gura/Gura_Spec_Attack_End_1.prefab using Guid(47d36ef6f0d151b4ab32dfe047c27e15) Importer(815301076,1909f56bfc062723c751e8b465ee728b) (PreviewImporter) -> (artifact id: '5535b53390c979e5f20ade10e9c24936') in 0.0246127 seconds
Number of updated asset objects reloaded before import = 0Number of asset objects unloaded after import = 37

========================================================================
Received Import Request.
  Time since last request: 0.000029 seconds.
  path: Assets/Prefab/Charactor/Gura/Gura_Attack_3.prefab
  artifactKey: Guid(91500bace46ca5a4591f07d266f30346) Importer(815301076,1909f56bfc062723c751e8b465ee728b)
Start importing Assets/Prefab/Charactor/Gura/Gura_Attack_3.prefab using Guid(91500bace46ca5a4591f07d266f30346) Importer(815301076,1909f56bfc062723c751e8b465ee728b) (PreviewImporter) -> (artifact id: 'fdf247a109464971b8c343025da1382d') in 0.0181128 seconds
Number of updated asset objects reloaded before import = 0Number of asset objects unloaded after import = 33

========================================================================
Received Import Request.
  Time since last request: 0.000102 seconds.
  path: Assets/Prefab/Charactor/Gura/Gura_Spec_Attack_Per_1.prefab
  artifactKey: Guid(3bf266fe32bfc3946a9ec653bfd49bce) Importer(815301076,1909f56bfc062723c751e8b465ee728b)
Start importing Assets/Prefab/Charactor/Gura/Gura_Spec_Attack_Per_1.prefab using Guid(3bf266fe32bfc3946a9ec653bfd49bce) Importer(815301076,1909f56bfc062723c751e8b465ee728b) (PreviewImporter) -> (artifact id: 'd88a38319f3bdb1d24ebb5235937cc36') in 0.0231937 seconds
Number of updated asset objects reloaded before import = 0Number of asset objects unloaded after import = 39

========================================================================
Received Import Request.
  Time since last request: 0.000028 seconds.
  path: Assets/Prefab/Charactor/Gura/Gura_Spec_Attack_End_2.prefab
  artifactKey: Guid(abb833995021e5749a45bceded1a5a69) Importer(815301076,1909f56bfc062723c751e8b465ee728b)
Start importing Assets/Prefab/Charactor/Gura/Gura_Spec_Attack_End_2.prefab using Guid(abb833995021e5749a45bceded1a5a69) Importer(815301076,1909f56bfc062723c751e8b465ee728b) (PreviewImporter) -> (artifact id: 'afc22df706f670cdb618bffe1a04be47') in 0.0192455 seconds
Number of updated asset objects reloaded before import = 0Number of asset objects unloaded after import = 35

========================================================================
Received Import Request.
  Time since last request: 51.245076 seconds.
  path: Assets/Prefab/Charactor/Core
  artifactKey: Guid(89c11bae088280945b048fba016ae944) Importer(815301076,1909f56bfc062723c751e8b465ee728b)
Start importing Assets/Prefab/Charactor/Core using Guid(89c11bae088280945b048fba016ae944) Importer(815301076,1909f56bfc062723c751e8b465ee728b) (PreviewImporter) -> (artifact id: '3b5c5c99193a5b164b2b44df5e762252') in 0.0008989 seconds
Number of updated asset objects reloaded before import = 0Number of asset objects unloaded after import = 0

========================================================================
Received Import Request.
  Time since last request: 43.814814 seconds.
  path: Assets/Prefab/Player/Player_Default.prefab
  artifactKey: Guid(3f227503a3b9002498164b0228d43eec) Importer(815301076,1909f56bfc062723c751e8b465ee728b)
Start importing Assets/Prefab/Player/Player_Default.prefab using Guid(3f227503a3b9002498164b0228d43eec) Importer(815301076,1909f56bfc062723c751e8b465ee728b) (PreviewImporter) -> (artifact id: 'a0d93f8d5f7911b6002918cf63e605cb') in 0.0113634 seconds
Number of updated asset objects reloaded before import = 0Number of asset objects unloaded after import = 11

========================================================================
Received Import Request.
  Time since last request: 28.707384 seconds.
  path: Assets/Character/Core
  artifactKey: Guid(8c94dd98dbbf2b343810d85bc8575ae0) Importer(815301076,1909f56bfc062723c751e8b465ee728b)
Start importing Assets/Character/Core using Guid(8c94dd98dbbf2b343810d85bc8575ae0) Importer(815301076,1909f56bfc062723c751e8b465ee728b) (PreviewImporter) -> (artifact id: '57f5a6daaf58de322aabfb6dd0bfd411') in 0.0009508 seconds
Number of updated asset objects reloaded before import = 0Number of asset objects unloaded after import = 0

========================================================================
Received Import Request.
  Time since last request: 10.890889 seconds.
  path: Assets/Character/Gura/Prefab
  artifactKey: Guid(84549809e39c87d4ca82ac3933367552) Importer(815301076,1909f56bfc062723c751e8b465ee728b)
Start importing Assets/Character/Gura/Prefab using Guid(84549809e39c87d4ca82ac3933367552) Importer(815301076,1909f56bfc062723c751e8b465ee728b) (PreviewImporter) -> (artifact id: 'a095ebca10123c3e2682dfd686504fa9') in 0.0005964 seconds
Number of updated asset objects reloaded before import = 0Number of asset objects unloaded after import = 0

========================================================================
Received Import Request.
  Time since last request: 19.669527 seconds.
  path: Assets/Script/Charactor/Core/PlayerController.cs
  artifactKey: Guid(9c8db93b8ebe23142be2ee629292ba5f) Importer(815301076,1909f56bfc062723c751e8b465ee728b)
Start importing Assets/Script/Charactor/Core/PlayerController.cs using Guid(9c8db93b8ebe23142be2ee629292ba5f) Importer(815301076,1909f56bfc062723c751e8b465ee728b) (PreviewImporter) -> (artifact id: 'e6beb8efadc5850f8091fc0003777bb5') in 0.0006775 seconds
Number of updated asset objects reloaded before import = 0Number of asset objects unloaded after import = 0

========================================================================
Received Prepare
Refreshing native plugins compatible for Editor in 2.99 ms, found 4 plugins.
Preloading 0 native plugins for Editor in 0.00 ms.
Unloading 18 Unused Serialized files (Serialized files now loaded: 0)
Unloading 6883 unused Assets / (5.0 MB). Loaded Objects now: 7786.
Memory consumption went from 155.8 MB to 150.8 MB.
Total: 18.775800 ms (FindLiveObjects: 1.034000 ms CreateObjectMapping: 1.680100 ms MarkObjects: 11.341400 ms  DeleteObjects: 4.718900 ms)

Prepare: number of updated asset objects reloaded= 0
========================================================================
Received Prepare
Begin MonoManager ReloadAssembly
- Loaded All Assemblies, in  1.011 seconds
Refreshing native plugins compatible for Editor in 2.60 ms, found 4 plugins.
Native extension for Android target not found
Native extension for WindowsStandalone target not found
Mono: successfully reloaded assembly
[Package Manager] Failed to launch server process. Reason: Unity was launched with the -noUpm command-line argument
[Package Manager] Unable to send message (not connected to server process).
[Package Manager] Cannot connect to Unity Package Manager local server
- Finished resetting the current domain, in  1.098 seconds
Domain Reload Profiling: 2111ms
	BeginReloadAssembly (313ms)
		ExecutionOrderSort (0ms)
		DisableScriptedObjects (46ms)
		BackupInstance (0ms)
		ReleaseScriptingObjects (0ms)
		CreateAndSetChildDomain (91ms)
	RebuildCommonClasses (50ms)
	RebuildNativeTypeToScriptingClass (18ms)
	initialDomainReloadingComplete (36ms)
	LoadAllAssembliesAndSetupDomain (595ms)
		LoadAssemblies (429ms)
		RebuildTransferFunctionScriptingTraits (0ms)
		AnalyzeDomain (295ms)
			TypeCache.Refresh (14ms)
				TypeCache.ScanAssembly (1ms)
			BuildScriptInfoCaches (257ms)
			ResolveRequiredComponents (17ms)
	FinalizeReload (1099ms)
		ReleaseScriptCaches (0ms)
		RebuildScriptCaches (0ms)
		SetupLoadedEditorAssemblies (749ms)
			LogAssemblyErrors (0ms)
			InitializePlatformSupportModulesInManaged (18ms)
			SetLoadedEditorAssemblies (7ms)
			BeforeProcessingInitializeOnLoad (146ms)
			ProcessInitializeOnLoadAttributes (486ms)
			ProcessInitializeOnLoadMethodAttributes (88ms)
			AfterProcessingInitializeOnLoad (3ms)
			EditorAssembliesLoaded (0ms)
		ExecutionOrderSort2 (0ms)
		AwakeInstancesAfterBackupRestoration (16ms)
Refreshing native plugins compatible for Editor in 1.97 ms, found 4 plugins.
Preloading 0 native plugins for Editor in 0.00 ms.
Unloading 14 Unused Serialized files (Serialized files now loaded: 0)
Unloading 6883 unused Assets / (4.3 MB). Loaded Objects now: 7686.
Memory consumption went from 151.1 MB to 146.8 MB.
Total: 10.440300 ms (FindLiveObjects: 0.868800 ms CreateObjectMapping: 1.411100 ms MarkObjects: 5.356200 ms  DeleteObjects: 2.803200 ms)

Prepare: number of updated asset objects reloaded= 0
========================================================================
Received Import Request.
  Time since last request: 36.674441 seconds.
  path: Assets/Prefab/Charactor/Core/Script
  artifactKey: Guid(1697427d744043b49ab1036c2b410080) Importer(815301076,1909f56bfc062723c751e8b465ee728b)
Start importing Assets/Prefab/Charactor/Core/Script using Guid(1697427d744043b49ab1036c2b410080) Importer(815301076,1909f56bfc062723c751e8b465ee728b) (PreviewImporter) -> (artifact id: '748988ace8236d37272f7eaf9e13a557') in 0.019949 seconds
Number of updated asset objects reloaded before import = 0Number of asset objects unloaded after import = 0

========================================================================
Received Import Request.
  Time since last request: 1.140751 seconds.
  path: Assets/Prefab/Charactor/Core/TestSkill.cs
  artifactKey: Guid(88795fb93a89184489093d2c0684a578) Importer(815301076,1909f56bfc062723c751e8b465ee728b)
Start importing Assets/Prefab/Charactor/Core/TestSkill.cs using Guid(88795fb93a89184489093d2c0684a578) Importer(815301076,1909f56bfc062723c751e8b465ee728b) (PreviewImporter) -> (artifact id: 'ebdf42248be85ddd6023e143f24ed1bd') in 0.0006924 seconds
Number of updated asset objects reloaded before import = 0Number of asset objects unloaded after import = 0

========================================================================
Received Prepare
Refreshing native plugins compatible for Editor in 2.83 ms, found 4 plugins.
Preloading 0 native plugins for Editor in 0.00 ms.
Unloading 14 Unused Serialized files (Serialized files now loaded: 0)
Unloading 6868 unused Assets / (4.3 MB). Loaded Objects now: 7686.
Memory consumption went from 151.0 MB to 146.7 MB.
Total: 17.636400 ms (FindLiveObjects: 1.191200 ms CreateObjectMapping: 2.389900 ms MarkObjects: 9.612800 ms  DeleteObjects: 4.441000 ms)

Prepare: number of updated asset objects reloaded= 0
========================================================================
Received Prepare
Begin MonoManager ReloadAssembly
- Loaded All Assemblies, in  0.940 seconds
Refreshing native plugins compatible for Editor in 2.96 ms, found 4 plugins.
Native extension for Android target not found
Native extension for WindowsStandalone target not found
Mono: successfully reloaded assembly
[Package Manager] Failed to launch server process. Reason: Unity was launched with the -noUpm command-line argument
[Package Manager] Unable to send message (not connected to server process).
[Package Manager] Cannot connect to Unity Package Manager local server
- Finished resetting the current domain, in  1.051 seconds
Domain Reload Profiling: 1994ms
	BeginReloadAssembly (281ms)
		ExecutionOrderSort (0ms)
		DisableScriptedObjects (30ms)
		BackupInstance (0ms)
		ReleaseScriptingObjects (0ms)
		CreateAndSetChildDomain (65ms)
	RebuildCommonClasses (54ms)
	RebuildNativeTypeToScriptingClass (19ms)
	initialDomainReloadingComplete (32ms)
	LoadAllAssembliesAndSetupDomain (558ms)
		LoadAssemblies (421ms)
		RebuildTransferFunctionScriptingTraits (0ms)
		AnalyzeDomain (274ms)
			TypeCache.Refresh (15ms)
				TypeCache.ScanAssembly (1ms)
			BuildScriptInfoCaches (238ms)
			ResolveRequiredComponents (15ms)
	FinalizeReload (1051ms)
		ReleaseScriptCaches (0ms)
		RebuildScriptCaches (0ms)
		SetupLoadedEditorAssemblies (747ms)
			LogAssemblyErrors (0ms)
			InitializePlatformSupportModulesInManaged (15ms)
			SetLoadedEditorAssemblies (6ms)
			BeforeProcessingInitializeOnLoad (170ms)
			ProcessInitializeOnLoadAttributes (468ms)
			ProcessInitializeOnLoadMethodAttributes (84ms)
			AfterProcessingInitializeOnLoad (3ms)
			EditorAssembliesLoaded (0ms)
		ExecutionOrderSort2 (0ms)
		AwakeInstancesAfterBackupRestoration (17ms)
Refreshing native plugins compatible for Editor in 2.20 ms, found 4 plugins.
Preloading 0 native plugins for Editor in 0.00 ms.
Unloading 14 Unused Serialized files (Serialized files now loaded: 0)
Unloading 6883 unused Assets / (4.4 MB). Loaded Objects now: 7688.
Memory consumption went from 150.9 MB to 146.5 MB.
Total: 13.026800 ms (FindLiveObjects: 0.985600 ms CreateObjectMapping: 1.682100 ms MarkObjects: 7.125100 ms  DeleteObjects: 3.232300 ms)

Prepare: number of updated asset objects reloaded= 0
========================================================================
Received Import Request.
  Time since last request: 29.485799 seconds.
  path: Assets/Prefab/Charactor/Default
  artifactKey: Guid(cbbe4e402bbe34c428e135242d9f1a53) Importer(815301076,1909f56bfc062723c751e8b465ee728b)
Start importing Assets/Prefab/Charactor/Default using Guid(cbbe4e402bbe34c428e135242d9f1a53) Importer(815301076,1909f56bfc062723c751e8b465ee728b) (PreviewImporter) -> (artifact id: 'e5ce14e91a1e6b0be4f864816c1c6bd5') in 0.0159748 seconds
Number of updated asset objects reloaded before import = 0Number of asset objects unloaded after import = 0

========================================================================
Received Prepare
Refreshing native plugins compatible for Editor in 2.11 ms, found 4 plugins.
Preloading 0 native plugins for Editor in 0.00 ms.
Unloading 14 Unused Serialized files (Serialized files now loaded: 0)
Unloading 6868 unused Assets / (4.3 MB). Loaded Objects now: 7688.
Memory consumption went from 151.0 MB to 146.8 MB.
Total: 13.712400 ms (FindLiveObjects: 0.902400 ms CreateObjectMapping: 1.763700 ms MarkObjects: 7.239300 ms  DeleteObjects: 3.805600 ms)

Prepare: number of updated asset objects reloaded= 0
========================================================================
Received Prepare
Begin MonoManager ReloadAssembly
- Loaded All Assemblies, in  0.962 seconds
Refreshing native plugins compatible for Editor in 2.34 ms, found 4 plugins.
Native extension for Android target not found
Native extension for WindowsStandalone target not found
Mono: successfully reloaded assembly
[Package Manager] Failed to launch server process. Reason: Unity was launched with the -noUpm command-line argument
[Package Manager] Unable to send message (not connected to server process).
[Package Manager] Cannot connect to Unity Package Manager local server
- Finished resetting the current domain, in  1.080 seconds
Domain Reload Profiling: 2046ms
	BeginReloadAssembly (273ms)
		ExecutionOrderSort (0ms)
		DisableScriptedObjects (18ms)
		BackupInstance (0ms)
		ReleaseScriptingObjects (0ms)
		CreateAndSetChildDomain (75ms)
	RebuildCommonClasses (47ms)
	RebuildNativeTypeToScriptingClass (19ms)
	initialDomainReloadingComplete (32ms)
	LoadAllAssembliesAndSetupDomain (595ms)
		LoadAssemblies (414ms)
		RebuildTransferFunctionScriptingTraits (0ms)
		AnalyzeDomain (312ms)
			TypeCache.Refresh (14ms)
				TypeCache.ScanAssembly (1ms)
			BuildScriptInfoCaches (271ms)
			ResolveRequiredComponents (20ms)
	FinalizeReload (1080ms)
		ReleaseScriptCaches (0ms)
		RebuildScriptCaches (0ms)
		SetupLoadedEditorAssemblies (755ms)
			LogAssemblyErrors (0ms)
			InitializePlatformSupportModulesInManaged (15ms)
			SetLoadedEditorAssemblies (5ms)
			BeforeProcessingInitializeOnLoad (147ms)
			ProcessInitializeOnLoadAttributes (502ms)
			ProcessInitializeOnLoadMethodAttributes (83ms)
			AfterProcessingInitializeOnLoad (3ms)
			EditorAssembliesLoaded (0ms)
		ExecutionOrderSort2 (0ms)
		AwakeInstancesAfterBackupRestoration (16ms)
Refreshing native plugins compatible for Editor in 2.36 ms, found 4 plugins.
Preloading 0 native plugins for Editor in 0.00 ms.
Unloading 14 Unused Serialized files (Serialized files now loaded: 0)
Unloading 6883 unused Assets / (4.7 MB). Loaded Objects now: 7690.
Memory consumption went from 150.9 MB to 146.2 MB.
Total: 12.651800 ms (FindLiveObjects: 0.950400 ms CreateObjectMapping: 1.733100 ms MarkObjects: 6.668000 ms  DeleteObjects: 3.299100 ms)

Prepare: number of updated asset objects reloaded= 0
========================================================================
Received Import Request.
  Time since last request: 121.893199 seconds.
  path: Assets/Enviroment/Prefab
  artifactKey: Guid(37afd4bd49c9f3842aa72dd530e53c6e) Importer(815301076,1909f56bfc062723c751e8b465ee728b)
Start importing Assets/Enviroment/Prefab using Guid(37afd4bd49c9f3842aa72dd530e53c6e) Importer(815301076,1909f56bfc062723c751e8b465ee728b) (PreviewImporter) -> (artifact id: '1becfb00a920004ce6cfee4a1672c6cd') in 0.0145005 seconds
Number of updated asset objects reloaded before import = 0Number of asset objects unloaded after import = 0

========================================================================
Received Import Request.
  Time since last request: 2.588829 seconds.
  path: Assets/Enviroment/Animation/Obj/PopupText.anim
  artifactKey: Guid(ed228ffbdb9d9654bb4900a906a60cb2) Importer(815301076,1909f56bfc062723c751e8b465ee728b)
Start importing Assets/Enviroment/Animation/Obj/PopupText.anim using Guid(ed228ffbdb9d9654bb4900a906a60cb2) Importer(815301076,1909f56bfc062723c751e8b465ee728b) (PreviewImporter) -> (artifact id: 'b7e57521262335476278cc2435ed7225') in 0.0289506 seconds
Number of updated asset objects reloaded before import = 0Number of asset objects unloaded after import = 1

========================================================================
Received Import Request.
  Time since last request: 22.925013 seconds.
  path: Assets/Enviroment/Obj
  artifactKey: Guid(7a6dc411682fc98408466fe303569b2e) Importer(815301076,1909f56bfc062723c751e8b465ee728b)
Start importing Assets/Enviroment/Obj using Guid(7a6dc411682fc98408466fe303569b2e) Importer(815301076,1909f56bfc062723c751e8b465ee728b) (PreviewImporter) -> (artifact id: '0191a5dba9b505ec17e94b869bf96948') in 0.0009426 seconds
Number of updated asset objects reloaded before import = 0Number of asset objects unloaded after import = 0

========================================================================
Received Import Request.
  Time since last request: 27.069891 seconds.
  path: Assets/Enviroment/Obj/PopText
  artifactKey: Guid(4bd5177a1bdb6094ba2f859274373a9f) Importer(815301076,1909f56bfc062723c751e8b465ee728b)
Start importing Assets/Enviroment/Obj/PopText using Guid(4bd5177a1bdb6094ba2f859274373a9f) Importer(815301076,1909f56bfc062723c751e8b465ee728b) (PreviewImporter) -> (artifact id: 'c26bbfff82a41c25606388301f4cb3e9') in 0.0008731 seconds
Number of updated asset objects reloaded before import = 0Number of asset objects unloaded after import = 0

========================================================================
Received Import Request.
  Time since last request: 9.298429 seconds.
  path: Assets/Enviroment/Obj/PopText/Animation/Obj/PopupText.controller
  artifactKey: Guid(6de83dd271dfa3c4fae7fa4f2a2388ca) Importer(815301076,1909f56bfc062723c751e8b465ee728b)
Start importing Assets/Enviroment/Obj/PopText/Animation/Obj/PopupText.controller using Guid(6de83dd271dfa3c4fae7fa4f2a2388ca) Importer(815301076,1909f56bfc062723c751e8b465ee728b) (PreviewImporter) -> (artifact id: '0442a94c6ebaa404f41d99964dd732bd') in 0.002865 seconds
Number of updated asset objects reloaded before import = 0Number of asset objects unloaded after import = 4

========================================================================
Received Import Request.
  Time since last request: 43.424276 seconds.
  path: Assets/Character/Default
  artifactKey: Guid(ff8b333152ea1444ba2939da10845bfd) Importer(815301076,1909f56bfc062723c751e8b465ee728b)
Start importing Assets/Character/Default using Guid(ff8b333152ea1444ba2939da10845bfd) Importer(815301076,1909f56bfc062723c751e8b465ee728b) (PreviewImporter) -> (artifact id: '7a11605911ce300d4a5b60f2f0cecdba') in 0.000963 seconds
Number of updated asset objects reloaded before import = 0Number of asset objects unloaded after import = 0

========================================================================
Received Import Request.
  Time since last request: 10.059374 seconds.
  path: Assets/Character/Default/Prefab
  artifactKey: Guid(0f659970c940a8f4589a4a52de875c80) Importer(815301076,1909f56bfc062723c751e8b465ee728b)
Start importing Assets/Character/Default/Prefab using Guid(0f659970c940a8f4589a4a52de875c80) Importer(815301076,1909f56bfc062723c751e8b465ee728b) (PreviewImporter) -> (artifact id: '89bcff1b5fb7308716092abc58e9feeb') in 0.0016735 seconds
Number of updated asset objects reloaded before import = 0Number of asset objects unloaded after import = 0

========================================================================
Received Prepare
Refreshing native plugins compatible for Editor in 3.35 ms, found 4 plugins.
Preloading 0 native plugins for Editor in 0.00 ms.
Unloading 14 Unused Serialized files (Serialized files now loaded: 0)
Unloading 6868 unused Assets / (4.4 MB). Loaded Objects now: 7690.
Memory consumption went from 151.0 MB to 146.6 MB.
Total: 14.456500 ms (FindLiveObjects: 1.029500 ms CreateObjectMapping: 1.744500 ms MarkObjects: 8.269700 ms  DeleteObjects: 3.411200 ms)

Prepare: number of updated asset objects reloaded= 0
========================================================================
Received Prepare
Begin MonoManager ReloadAssembly
- Loaded All Assemblies, in  0.978 seconds
Refreshing native plugins compatible for Editor in 3.10 ms, found 4 plugins.
Native extension for Android target not found
Native extension for WindowsStandalone target not found
Mono: successfully reloaded assembly
[Package Manager] Failed to launch server process. Reason: Unity was launched with the -noUpm command-line argument
[Package Manager] Unable to send message (not connected to server process).
[Package Manager] Cannot connect to Unity Package Manager local server
- Finished resetting the current domain, in  1.047 seconds
Domain Reload Profiling: 2029ms
	BeginReloadAssembly (270ms)
		ExecutionOrderSort (0ms)
		DisableScriptedObjects (19ms)
		BackupInstance (0ms)
		ReleaseScriptingObjects (0ms)
		CreateAndSetChildDomain (72ms)
	RebuildCommonClasses (51ms)
	RebuildNativeTypeToScriptingClass (18ms)
	initialDomainReloadingComplete (36ms)
	LoadAllAssembliesAndSetupDomain (606ms)
		LoadAssemblies (421ms)
		RebuildTransferFunctionScriptingTraits (0ms)
		AnalyzeDomain (314ms)
			TypeCache.Refresh (16ms)
				TypeCache.ScanAssembly (1ms)
			BuildScriptInfoCaches (276ms)
			ResolveRequiredComponents (16ms)
	FinalizeReload (1048ms)
		ReleaseScriptCaches (0ms)
		RebuildScriptCaches (0ms)
		SetupLoadedEditorAssemblies (742ms)
			LogAssemblyErrors (0ms)
			InitializePlatformSupportModulesInManaged (16ms)
			SetLoadedEditorAssemblies (6ms)
			BeforeProcessingInitializeOnLoad (169ms)
			ProcessInitializeOnLoadAttributes (463ms)
			ProcessInitializeOnLoadMethodAttributes (85ms)
			AfterProcessingInitializeOnLoad (3ms)
			EditorAssembliesLoaded (0ms)
		ExecutionOrderSort2 (0ms)
		AwakeInstancesAfterBackupRestoration (15ms)
Refreshing native plugins compatible for Editor in 1.97 ms, found 4 plugins.
Preloading 0 native plugins for Editor in 0.00 ms.
Unloading 14 Unused Serialized files (Serialized files now loaded: 0)
Unloading 6883 unused Assets / (4.6 MB). Loaded Objects now: 7692.
Memory consumption went from 150.9 MB to 146.4 MB.
Total: 10.530800 ms (FindLiveObjects: 0.865800 ms CreateObjectMapping: 1.289600 ms MarkObjects: 5.443300 ms  DeleteObjects: 2.931200 ms)

Prepare: number of updated asset objects reloaded= 0
========================================================================
Received Import Request.
  Time since last request: 98.538115 seconds.
  path: Assets/Character/Core/Script/Player
  artifactKey: Guid(0c925a4260a61654ca2efd190a509b47) Importer(815301076,1909f56bfc062723c751e8b465ee728b)
Start importing Assets/Character/Core/Script/Player using Guid(0c925a4260a61654ca2efd190a509b47) Importer(815301076,1909f56bfc062723c751e8b465ee728b) (PreviewImporter) -> (artifact id: '9d839e16d7186432cd28206d1d6df4ff') in 0.0145773 seconds
Number of updated asset objects reloaded before import = 0Number of asset objects unloaded after import = 0

========================================================================
Received Prepare
Refreshing native plugins compatible for Editor in 2.27 ms, found 4 plugins.
Preloading 0 native plugins for Editor in 0.00 ms.
Unloading 14 Unused Serialized files (Serialized files now loaded: 0)
Unloading 6868 unused Assets / (4.3 MB). Loaded Objects now: 7692.
Memory consumption went from 151.0 MB to 146.8 MB.
Total: 13.744600 ms (FindLiveObjects: 0.933600 ms CreateObjectMapping: 1.838600 ms MarkObjects: 6.547900 ms  DeleteObjects: 4.422700 ms)

Prepare: number of updated asset objects reloaded= 0
========================================================================
Received Prepare
Begin MonoManager ReloadAssembly
- Loaded All Assemblies, in  0.957 seconds
Refreshing native plugins compatible for Editor in 2.21 ms, found 4 plugins.
Native extension for Android target not found
Native extension for WindowsStandalone target not found
Mono: successfully reloaded assembly
[Package Manager] Failed to launch server process. Reason: Unity was launched with the -noUpm command-line argument
[Package Manager] Unable to send message (not connected to server process).
[Package Manager] Cannot connect to Unity Package Manager local server
- Finished resetting the current domain, in  1.116 seconds
Domain Reload Profiling: 2077ms
	BeginReloadAssembly (264ms)
		ExecutionOrderSort (0ms)
		DisableScriptedObjects (18ms)
		BackupInstance (0ms)
		ReleaseScriptingObjects (0ms)
		CreateAndSetChildDomain (69ms)
	RebuildCommonClasses (48ms)
	RebuildNativeTypeToScriptingClass (18ms)
	initialDomainReloadingComplete (37ms)
	LoadAllAssembliesAndSetupDomain (593ms)
		LoadAssemblies (423ms)
		RebuildTransferFunctionScriptingTraits (0ms)
		AnalyzeDomain (295ms)
			TypeCache.Refresh (17ms)
				TypeCache.ScanAssembly (1ms)
			BuildScriptInfoCaches (255ms)
			ResolveRequiredComponents (16ms)
	FinalizeReload (1117ms)
		ReleaseScriptCaches (0ms)
		RebuildScriptCaches (0ms)
		SetupLoadedEditorAssemblies (798ms)
			LogAssemblyErrors (0ms)
			InitializePlatformSupportModulesInManaged (14ms)
			SetLoadedEditorAssemblies (5ms)
			BeforeProcessingInitializeOnLoad (157ms)
			ProcessInitializeOnLoadAttributes (526ms)
			ProcessInitializeOnLoadMethodAttributes (93ms)
			AfterProcessingInitializeOnLoad (3ms)
			EditorAssembliesLoaded (0ms)
		ExecutionOrderSort2 (0ms)
		AwakeInstancesAfterBackupRestoration (16ms)
Refreshing native plugins compatible for Editor in 2.26 ms, found 4 plugins.
Preloading 0 native plugins for Editor in 0.00 ms.
Unloading 14 Unused Serialized files (Serialized files now loaded: 0)
Unloading 6883 unused Assets / (4.3 MB). Loaded Objects now: 7694.
Memory consumption went from 150.9 MB to 146.6 MB.
Total: 10.947600 ms (FindLiveObjects: 0.925500 ms CreateObjectMapping: 1.349600 ms MarkObjects: 5.754300 ms  DeleteObjects: 2.916900 ms)

Prepare: number of updated asset objects reloaded= 0
========================================================================
Received Import Request.
  Time since last request: 30.742161 seconds.
  path: Assets/Script/Enemy
  artifactKey: Guid(7fbe4240399ef014ea213481ab4d1b75) Importer(815301076,1909f56bfc062723c751e8b465ee728b)
Start importing Assets/Script/Enemy using Guid(7fbe4240399ef014ea213481ab4d1b75) Importer(815301076,1909f56bfc062723c751e8b465ee728b) (PreviewImporter) -> (artifact id: 'd514bd67ce6e4d751da94cbb278eb57e') in 0.0111351 seconds
Number of updated asset objects reloaded before import = 0Number of asset objects unloaded after import = 0

========================================================================
Received Import Request.
  Time since last request: 4.093181 seconds.
  path: Assets/Script/Class/SkillCd.cs
  artifactKey: Guid(0e9dd5faed58c504a8d3e7df70255a90) Importer(815301076,1909f56bfc062723c751e8b465ee728b)
Start importing Assets/Script/Class/SkillCd.cs using Guid(0e9dd5faed58c504a8d3e7df70255a90) Importer(815301076,1909f56bfc062723c751e8b465ee728b) (PreviewImporter) -> (artifact id: '4eb244c6407941ecaf8866f1da03808a') in 0.000651 seconds
Number of updated asset objects reloaded before import = 0Number of asset objects unloaded after import = 0

========================================================================
Received Import Request.
  Time since last request: 17.014356 seconds.
  path: Assets/Character/Core/Script/Dif
  artifactKey: Guid(97ca1e3adb3c55d48a22a69333713442) Importer(815301076,1909f56bfc062723c751e8b465ee728b)
Start importing Assets/Character/Core/Script/Dif using Guid(97ca1e3adb3c55d48a22a69333713442) Importer(815301076,1909f56bfc062723c751e8b465ee728b) (PreviewImporter) -> (artifact id: '8f2528812e39a172d24251b544e1d539') in 0.0011175 seconds
Number of updated asset objects reloaded before import = 0Number of asset objects unloaded after import = 0

========================================================================
Received Prepare
Refreshing native plugins compatible for Editor in 2.70 ms, found 4 plugins.
Preloading 0 native plugins for Editor in 0.00 ms.
Unloading 14 Unused Serialized files (Serialized files now loaded: 0)
Unloading 6868 unused Assets / (4.3 MB). Loaded Objects now: 7694.
Memory consumption went from 151.0 MB to 146.8 MB.
Total: 15.316700 ms (FindLiveObjects: 0.909200 ms CreateObjectMapping: 1.484200 ms MarkObjects: 8.817800 ms  DeleteObjects: 4.104000 ms)

Prepare: number of updated asset objects reloaded= 0
========================================================================
Received Prepare
Begin MonoManager ReloadAssembly
- Loaded All Assemblies, in  0.936 seconds
Refreshing native plugins compatible for Editor in 3.19 ms, found 4 plugins.
Native extension for Android target not found
Native extension for WindowsStandalone target not found
Mono: successfully reloaded assembly
[Package Manager] Failed to launch server process. Reason: Unity was launched with the -noUpm command-line argument
[Package Manager] Unable to send message (not connected to server process).
[Package Manager] Cannot connect to Unity Package Manager local server
- Finished resetting the current domain, in  1.053 seconds
Domain Reload Profiling: 1993ms
	BeginReloadAssembly (269ms)
		ExecutionOrderSort (0ms)
		DisableScriptedObjects (19ms)
		BackupInstance (0ms)
		ReleaseScriptingObjects (0ms)
		CreateAndSetChildDomain (74ms)
	RebuildCommonClasses (48ms)
	RebuildNativeTypeToScriptingClass (21ms)
	initialDomainReloadingComplete (30ms)
	LoadAllAssembliesAndSetupDomain (569ms)
		LoadAssemblies (395ms)
		RebuildTransferFunctionScriptingTraits (0ms)
		AnalyzeDomain (296ms)
			TypeCache.Refresh (15ms)
				TypeCache.ScanAssembly (1ms)
			BuildScriptInfoCaches (255ms)
			ResolveRequiredComponents (20ms)
	FinalizeReload (1054ms)
		ReleaseScriptCaches (0ms)
		RebuildScriptCaches (0ms)
		SetupLoadedEditorAssemblies (730ms)
			LogAssemblyErrors (0ms)
			InitializePlatformSupportModulesInManaged (14ms)
			SetLoadedEditorAssemblies (5ms)
			BeforeProcessingInitializeOnLoad (150ms)
			ProcessInitializeOnLoadAttributes (475ms)
			ProcessInitializeOnLoadMethodAttributes (82ms)
			AfterProcessingInitializeOnLoad (3ms)
			EditorAssembliesLoaded (0ms)
		ExecutionOrderSort2 (0ms)
		AwakeInstancesAfterBackupRestoration (16ms)
Refreshing native plugins compatible for Editor in 2.17 ms, found 4 plugins.
Preloading 0 native plugins for Editor in 0.00 ms.
Unloading 14 Unused Serialized files (Serialized files now loaded: 0)
Unloading 6883 unused Assets / (4.4 MB). Loaded Objects now: 7696.
Memory consumption went from 150.9 MB to 146.6 MB.
Total: 10.920300 ms (FindLiveObjects: 0.934300 ms CreateObjectMapping: 1.497800 ms MarkObjects: 5.545900 ms  DeleteObjects: 2.941400 ms)

Prepare: number of updated asset objects reloaded= 0
========================================================================
Received Import Request.
  Time since last request: 42.775486 seconds.
  path: Assets/GameManager
  artifactKey: Guid(521f30b12da5e4147bf6b02f48b515fd) Importer(815301076,1909f56bfc062723c751e8b465ee728b)
Start importing Assets/GameManager using Guid(521f30b12da5e4147bf6b02f48b515fd) Importer(815301076,1909f56bfc062723c751e8b465ee728b) (PreviewImporter) -> (artifact id: '320ea55da0c658381edf5f8dca22ba12') in 0.0111214 seconds
Number of updated asset objects reloaded before import = 0Number of asset objects unloaded after import = 0

========================================================================
Received Import Request.
  Time since last request: 6.339576 seconds.
  path: Assets/GameManager/Script
  artifactKey: Guid(ac413e8bd1e6b5f45bb2f26fa6ad3f86) Importer(815301076,1909f56bfc062723c751e8b465ee728b)
Start importing Assets/GameManager/Script using Guid(ac413e8bd1e6b5f45bb2f26fa6ad3f86) Importer(815301076,1909f56bfc062723c751e8b465ee728b) (PreviewImporter) -> (artifact id: 'df6d166fdbbdd6547544f61376206adf') in 0.0009036 seconds
Number of updated asset objects reloaded before import = 0Number of asset objects unloaded after import = 0

========================================================================
Received Prepare
Refreshing native plugins compatible for Editor in 2.37 ms, found 4 plugins.
Preloading 0 native plugins for Editor in 0.00 ms.
Unloading 14 Unused Serialized files (Serialized files now loaded: 0)
Unloading 6868 unused Assets / (4.8 MB). Loaded Objects now: 7696.
Memory consumption went from 151.0 MB to 146.3 MB.
Total: 13.780500 ms (FindLiveObjects: 1.015700 ms CreateObjectMapping: 1.770800 ms MarkObjects: 6.689700 ms  DeleteObjects: 4.302800 ms)

Prepare: number of updated asset objects reloaded= 0
========================================================================
Received Prepare
Begin MonoManager ReloadAssembly
- Loaded All Assemblies, in  0.975 seconds
Refreshing native plugins compatible for Editor in 2.93 ms, found 4 plugins.
Native extension for Android target not found
Native extension for WindowsStandalone target not found
Mono: successfully reloaded assembly
[Package Manager] Failed to launch server process. Reason: Unity was launched with the -noUpm command-line argument
[Package Manager] Unable to send message (not connected to server process).
[Package Manager] Cannot connect to Unity Package Manager local server
- Finished resetting the current domain, in  1.058 seconds
Domain Reload Profiling: 2037ms
	BeginReloadAssembly (285ms)
		ExecutionOrderSort (0ms)
		DisableScriptedObjects (19ms)
		BackupInstance (0ms)
		ReleaseScriptingObjects (0ms)
		CreateAndSetChildDomain (79ms)
	RebuildCommonClasses (54ms)
	RebuildNativeTypeToScriptingClass (18ms)
	initialDomainReloadingComplete (37ms)
	LoadAllAssembliesAndSetupDomain (583ms)
		LoadAssemblies (424ms)
		RebuildTransferFunctionScriptingTraits (0ms)
		AnalyzeDomain (292ms)
			TypeCache.Refresh (14ms)
				TypeCache.ScanAssembly (1ms)
			BuildScriptInfoCaches (253ms)
			ResolveRequiredComponents (16ms)
	FinalizeReload (1058ms)
		ReleaseScriptCaches (0ms)
		RebuildScriptCaches (0ms)
		SetupLoadedEditorAssemblies (758ms)
			LogAssemblyErrors (0ms)
			InitializePlatformSupportModulesInManaged (20ms)
			SetLoadedEditorAssemblies (7ms)
			BeforeProcessingInitializeOnLoad (170ms)
			ProcessInitializeOnLoadAttributes (471ms)
			ProcessInitializeOnLoadMethodAttributes (87ms)
			AfterProcessingInitializeOnLoad (3ms)
			EditorAssembliesLoaded (0ms)
		ExecutionOrderSort2 (0ms)
		AwakeInstancesAfterBackupRestoration (22ms)
Refreshing native plugins compatible for Editor in 6.99 ms, found 4 plugins.
Preloading 0 native plugins for Editor in 0.00 ms.
Unloading 14 Unused Serialized files (Serialized files now loaded: 0)
Unloading 6883 unused Assets / (4.8 MB). Loaded Objects now: 7698.
Memory consumption went from 150.9 MB to 146.2 MB.
Total: 29.936900 ms (FindLiveObjects: 2.028700 ms CreateObjectMapping: 3.152000 ms MarkObjects: 16.186800 ms  DeleteObjects: 8.566200 ms)

Prepare: number of updated asset objects reloaded= 0
========================================================================
Received Import Request.
  Time since last request: 55.616163 seconds.
  path: Assets/Enemy
  artifactKey: Guid(933a0e8f5f5170f4680b3dc4ebf85b68) Importer(815301076,1909f56bfc062723c751e8b465ee728b)
Start importing Assets/Enemy using Guid(933a0e8f5f5170f4680b3dc4ebf85b68) Importer(815301076,1909f56bfc062723c751e8b465ee728b) (PreviewImporter) -> (artifact id: 'ebf826a8673bbc6e148e1176c0c2bf8c') in 0.0106325 seconds
Number of updated asset objects reloaded before import = 0Number of asset objects unloaded after import = 0

========================================================================
Received Import Request.
  Time since last request: 13.048480 seconds.
  path: Assets/Enemy/Dummy
  artifactKey: Guid(185880b7fa7ecf94d8389b003132148a) Importer(815301076,1909f56bfc062723c751e8b465ee728b)
Start importing Assets/Enemy/Dummy using Guid(185880b7fa7ecf94d8389b003132148a) Importer(815301076,1909f56bfc062723c751e8b465ee728b) (PreviewImporter) -> (artifact id: '191fc9e7c7a4fec8d898a7df5cd9f68e') in 0.0007634 seconds
Number of updated asset objects reloaded before import = 0Number of asset objects unloaded after import = 0

========================================================================
Received Import Request.
  Time since last request: 8.909786 seconds.
  path: Assets/Enemy/Dummy/Script
  artifactKey: Guid(5d901a60b918efb489b0e23f85c12916) Importer(815301076,1909f56bfc062723c751e8b465ee728b)
Start importing Assets/Enemy/Dummy/Script using Guid(5d901a60b918efb489b0e23f85c12916) Importer(815301076,1909f56bfc062723c751e8b465ee728b) (PreviewImporter) -> (artifact id: '1d31b7ae92b90ecd2afa22fa5f7638f8') in 0.0009412 seconds
Number of updated asset objects reloaded before import = 0Number of asset objects unloaded after import = 0

========================================================================
Received Import Request.
  Time since last request: 6.620790 seconds.
  path: Assets/Enemy/Dummy/Spites
  artifactKey: Guid(b56f3e465b0d573409c9241b80dbaade) Importer(815301076,1909f56bfc062723c751e8b465ee728b)
Start importing Assets/Enemy/Dummy/Spites using Guid(b56f3e465b0d573409c9241b80dbaade) Importer(815301076,1909f56bfc062723c751e8b465ee728b) (PreviewImporter) -> (artifact id: '8783780800720b4c00ecb428b3dde547') in 0.0009215 seconds
Number of updated asset objects reloaded before import = 0Number of asset objects unloaded after import = 0

========================================================================
Received Import Request.
  Time since last request: 5.625699 seconds.
  path: Assets/Enemy/Dummy/Prefab
  artifactKey: Guid(345342b12c59f9244b7d0da5e2bfe023) Importer(815301076,1909f56bfc062723c751e8b465ee728b)
Start importing Assets/Enemy/Dummy/Prefab using Guid(345342b12c59f9244b7d0da5e2bfe023) Importer(815301076,1909f56bfc062723c751e8b465ee728b) (PreviewImporter) -> (artifact id: '4428d770771a86984e961f6681979a59') in 0.0015973 seconds
Number of updated asset objects reloaded before import = 0Number of asset objects unloaded after import = 0

========================================================================
Received Import Request.
  Time since last request: 10.046206 seconds.
  path: Assets/Enemy/Dummy/Animation
  artifactKey: Guid(656e6017bbb68684fa6dd0f439a0511c) Importer(815301076,1909f56bfc062723c751e8b465ee728b)
Start importing Assets/Enemy/Dummy/Animation using Guid(656e6017bbb68684fa6dd0f439a0511c) Importer(815301076,1909f56bfc062723c751e8b465ee728b) (PreviewImporter) -> (artifact id: '13f9b550d4956c0d448563a9e4c4cf50') in 0.0006238 seconds
Number of updated asset objects reloaded before import = 0Number of asset objects unloaded after import = 0

========================================================================
Received Import Request.
  Time since last request: 8.679439 seconds.
  path: Assets/Script/Enemy/Dummy
  artifactKey: Guid(ecc968b423b912b42aac517b2ae05dc8) Importer(815301076,1909f56bfc062723c751e8b465ee728b)
Start importing Assets/Script/Enemy/Dummy using Guid(ecc968b423b912b42aac517b2ae05dc8) Importer(815301076,1909f56bfc062723c751e8b465ee728b) (PreviewImporter) -> (artifact id: '665713d058c75e3f609fa817175f0906') in 0.0006633 seconds
Number of updated asset objects reloaded before import = 0Number of asset objects unloaded after import = 0

========================================================================
Received Import Request.
  Time since last request: 1.002480 seconds.
  path: Assets/Script/Enemy/Dummy/Dummy.cs
  artifactKey: Guid(2e09e981b6d575046b252fb6bf84e7fe) Importer(815301076,1909f56bfc062723c751e8b465ee728b)
Start importing Assets/Script/Enemy/Dummy/Dummy.cs using Guid(2e09e981b6d575046b252fb6bf84e7fe) Importer(815301076,1909f56bfc062723c751e8b465ee728b) (PreviewImporter) -> (artifact id: 'cdc0924b90f057d865b155d5e33cafbf') in 0.0009678 seconds
Number of updated asset objects reloaded before import = 0Number of asset objects unloaded after import = 0

========================================================================
Received Prepare
Refreshing native plugins compatible for Editor in 2.09 ms, found 4 plugins.
Preloading 0 native plugins for Editor in 0.00 ms.
Unloading 14 Unused Serialized files (Serialized files now loaded: 0)
Unloading 6868 unused Assets / (4.3 MB). Loaded Objects now: 7698.
Memory consumption went from 151.0 MB to 146.7 MB.
Total: 12.640800 ms (FindLiveObjects: 0.923800 ms CreateObjectMapping: 1.491500 ms MarkObjects: 7.216100 ms  DeleteObjects: 3.008000 ms)

Prepare: number of updated asset objects reloaded= 0
========================================================================
Received Prepare
Begin MonoManager ReloadAssembly
- Loaded All Assemblies, in  1.079 seconds
Refreshing native plugins compatible for Editor in 3.27 ms, found 4 plugins.
Native extension for Android target not found
Native extension for WindowsStandalone target not found
Mono: successfully reloaded assembly
[Package Manager] Failed to launch server process. Reason: Unity was launched with the -noUpm command-line argument
[Package Manager] Unable to send message (not connected to server process).
[Package Manager] Cannot connect to Unity Package Manager local server
- Finished resetting the current domain, in  1.187 seconds
Domain Reload Profiling: 2268ms
	BeginReloadAssembly (320ms)
		ExecutionOrderSort (0ms)
		DisableScriptedObjects (28ms)
		BackupInstance (0ms)
		ReleaseScriptingObjects (0ms)
		CreateAndSetChildDomain (79ms)
	RebuildCommonClasses (48ms)
	RebuildNativeTypeToScriptingClass (24ms)
	initialDomainReloadingComplete (42ms)
	LoadAllAssembliesAndSetupDomain (646ms)
		LoadAssemblies (471ms)
		RebuildTransferFunctionScriptingTraits (0ms)
		AnalyzeDomain (331ms)
			TypeCache.Refresh (19ms)
				TypeCache.ScanAssembly (1ms)
			BuildScriptInfoCaches (291ms)
			ResolveRequiredComponents (16ms)
	FinalizeReload (1188ms)
		ReleaseScriptCaches (0ms)
		RebuildScriptCaches (0ms)
		SetupLoadedEditorAssemblies (842ms)
			LogAssemblyErrors (0ms)
			InitializePlatformSupportModulesInManaged (16ms)
			SetLoadedEditorAssemblies (5ms)
			BeforeProcessingInitializeOnLoad (203ms)
			ProcessInitializeOnLoadAttributes (514ms)
			ProcessInitializeOnLoadMethodAttributes (100ms)
			AfterProcessingInitializeOnLoad (4ms)
			EditorAssembliesLoaded (0ms)
		ExecutionOrderSort2 (0ms)
		AwakeInstancesAfterBackupRestoration (20ms)
Refreshing native plugins compatible for Editor in 2.21 ms, found 4 plugins.
Preloading 0 native plugins for Editor in 0.00 ms.
Unloading 14 Unused Serialized files (Serialized files now loaded: 0)
Unloading 6883 unused Assets / (4.3 MB). Loaded Objects now: 7700.
Memory consumption went from 150.9 MB to 146.6 MB.
Total: 10.950400 ms (FindLiveObjects: 0.902700 ms CreateObjectMapping: 1.325600 ms MarkObjects: 5.806500 ms  DeleteObjects: 2.914300 ms)

Prepare: number of updated asset objects reloaded= 0
========================================================================
Received Import Request.
  Time since last request: 174.280132 seconds.
  path: Assets/Character/Core/Player
  artifactKey: Guid(9f60bd7a6c2e3f74c9d0dda85dc2fafa) Importer(815301076,1909f56bfc062723c751e8b465ee728b)
Start importing Assets/Character/Core/Player using Guid(9f60bd7a6c2e3f74c9d0dda85dc2fafa) Importer(815301076,1909f56bfc062723c751e8b465ee728b) (PreviewImporter) -> (artifact id: '2079c177546fb16abd3de2f508bff311') in 0.0150939 seconds
Number of updated asset objects reloaded before import = 0Number of asset objects unloaded after import = 0

========================================================================
Received Prepare
Refreshing native plugins compatible for Editor in 2.16 ms, found 4 plugins.
Preloading 0 native plugins for Editor in 0.00 ms.
Unloading 14 Unused Serialized files (Serialized files now loaded: 0)
Unloading 6868 unused Assets / (4.5 MB). Loaded Objects now: 7700.
Memory consumption went from 151.0 MB to 146.6 MB.
Total: 11.759500 ms (FindLiveObjects: 0.896500 ms CreateObjectMapping: 1.335000 ms MarkObjects: 6.567200 ms  DeleteObjects: 2.959700 ms)

Prepare: number of updated asset objects reloaded= 0
========================================================================
Received Prepare
Begin MonoManager ReloadAssembly
- Loaded All Assemblies, in  0.980 seconds
Refreshing native plugins compatible for Editor in 2.22 ms, found 4 plugins.
Native extension for Android target not found
Native extension for WindowsStandalone target not found
Mono: successfully reloaded assembly
[Package Manager] Failed to launch server process. Reason: Unity was launched with the -noUpm command-line argument
[Package Manager] Unable to send message (not connected to server process).
[Package Manager] Cannot connect to Unity Package Manager local server
- Finished resetting the current domain, in  1.169 seconds
Domain Reload Profiling: 2150ms
	BeginReloadAssembly (283ms)
		ExecutionOrderSort (0ms)
		DisableScriptedObjects (23ms)
		BackupInstance (0ms)
		ReleaseScriptingObjects (0ms)
		CreateAndSetChildDomain (68ms)
	RebuildCommonClasses (53ms)
	RebuildNativeTypeToScriptingClass (17ms)
	initialDomainReloadingComplete (35ms)
	LoadAllAssembliesAndSetupDomain (593ms)
		LoadAssemblies (437ms)
		RebuildTransferFunctionScriptingTraits (0ms)
		AnalyzeDomain (295ms)
			TypeCache.Refresh (15ms)
				TypeCache.ScanAssembly (1ms)
			BuildScriptInfoCaches (259ms)
			ResolveRequiredComponents (16ms)
	FinalizeReload (1169ms)
		ReleaseScriptCaches (0ms)
		RebuildScriptCaches (0ms)
		SetupLoadedEditorAssemblies (838ms)
			LogAssemblyErrors (0ms)
			InitializePlatformSupportModulesInManaged (18ms)
			SetLoadedEditorAssemblies (5ms)
			BeforeProcessingInitializeOnLoad (180ms)
			ProcessInitializeOnLoadAttributes (517ms)
			ProcessInitializeOnLoadMethodAttributes (113ms)
			AfterProcessingInitializeOnLoad (4ms)
			EditorAssembliesLoaded (1ms)
		ExecutionOrderSort2 (0ms)
		AwakeInstancesAfterBackupRestoration (19ms)
Refreshing native plugins compatible for Editor in 2.16 ms, found 4 plugins.
Preloading 0 native plugins for Editor in 0.00 ms.
Unloading 14 Unused Serialized files (Serialized files now loaded: 0)
Unloading 6883 unused Assets / (4.6 MB). Loaded Objects now: 7702.
Memory consumption went from 150.9 MB to 146.4 MB.
Total: 11.934400 ms (FindLiveObjects: 0.970900 ms CreateObjectMapping: 1.468800 ms MarkObjects: 6.418700 ms  DeleteObjects: 3.074800 ms)

Prepare: number of updated asset objects reloaded= 0
========================================================================
Received Prepare
Refreshing native plugins compatible for Editor in 2.20 ms, found 4 plugins.
Preloading 0 native plugins for Editor in 0.00 ms.
Unloading 14 Unused Serialized files (Serialized files now loaded: 0)
Unloading 6868 unused Assets / (4.4 MB). Loaded Objects now: 7702.
Memory consumption went from 151.0 MB to 146.7 MB.
Total: 12.634600 ms (FindLiveObjects: 0.915400 ms CreateObjectMapping: 1.423900 ms MarkObjects: 6.063400 ms  DeleteObjects: 4.230600 ms)

Prepare: number of updated asset objects reloaded= 0
========================================================================
Received Prepare
Begin MonoManager ReloadAssembly
- Loaded All Assemblies, in  0.943 seconds
Refreshing native plugins compatible for Editor in 2.55 ms, found 4 plugins.
Native extension for Android target not found
Native extension for WindowsStandalone target not found
Mono: successfully reloaded assembly
[Package Manager] Failed to launch server process. Reason: Unity was launched with the -noUpm command-line argument
[Package Manager] Unable to send message (not connected to server process).
[Package Manager] Cannot connect to Unity Package Manager local server
- Finished resetting the current domain, in  1.117 seconds
Domain Reload Profiling: 2063ms
	BeginReloadAssembly (282ms)
		ExecutionOrderSort (0ms)
		DisableScriptedObjects (18ms)
		BackupInstance (0ms)
		ReleaseScriptingObjects (0ms)
		CreateAndSetChildDomain (80ms)
	RebuildCommonClasses (45ms)
	RebuildNativeTypeToScriptingClass (21ms)
	initialDomainReloadingComplete (38ms)
	LoadAllAssembliesAndSetupDomain (560ms)
		LoadAssemblies (394ms)
		RebuildTransferFunctionScriptingTraits (0ms)
		AnalyzeDomain (292ms)
			TypeCache.Refresh (17ms)
				TypeCache.ScanAssembly (1ms)
			BuildScriptInfoCaches (252ms)
			ResolveRequiredComponents (17ms)
	FinalizeReload (1118ms)
		ReleaseScriptCaches (0ms)
		RebuildScriptCaches (0ms)
		SetupLoadedEditorAssemblies (770ms)
			LogAssemblyErrors (0ms)
			InitializePlatformSupportModulesInManaged (17ms)
			SetLoadedEditorAssemblies (6ms)
			BeforeProcessingInitializeOnLoad (184ms)
			ProcessInitializeOnLoadAttributes (477ms)
			ProcessInitializeOnLoadMethodAttributes (83ms)
			AfterProcessingInitializeOnLoad (3ms)
			EditorAssembliesLoaded (0ms)
		ExecutionOrderSort2 (0ms)
		AwakeInstancesAfterBackupRestoration (20ms)
Refreshing native plugins compatible for Editor in 2.10 ms, found 4 plugins.
Preloading 0 native plugins for Editor in 0.00 ms.
Unloading 14 Unused Serialized files (Serialized files now loaded: 0)
Unloading 6883 unused Assets / (4.5 MB). Loaded Objects now: 7704.
Memory consumption went from 150.9 MB to 146.4 MB.
Total: 10.956200 ms (FindLiveObjects: 0.902900 ms CreateObjectMapping: 1.413300 ms MarkObjects: 5.724200 ms  DeleteObjects: 2.914700 ms)

Prepare: number of updated asset objects reloaded= 0
========================================================================
Received Prepare
Refreshing native plugins compatible for Editor in 2.60 ms, found 4 plugins.
Preloading 0 native plugins for Editor in 0.00 ms.
Unloading 14 Unused Serialized files (Serialized files now loaded: 0)
Unloading 6868 unused Assets / (5.0 MB). Loaded Objects now: 7704.
Memory consumption went from 151.0 MB to 146.0 MB.
Total: 13.030000 ms (FindLiveObjects: 0.942400 ms CreateObjectMapping: 1.424700 ms MarkObjects: 6.350900 ms  DeleteObjects: 4.310500 ms)

Prepare: number of updated asset objects reloaded= 0
========================================================================
Received Prepare
Begin MonoManager ReloadAssembly
- Loaded All Assemblies, in  1.035 seconds
Refreshing native plugins compatible for Editor in 3.29 ms, found 4 plugins.
Native extension for Android target not found
Native extension for WindowsStandalone target not found
Mono: successfully reloaded assembly
[Package Manager] Failed to launch server process. Reason: Unity was launched with the -noUpm command-line argument
[Package Manager] Unable to send message (not connected to server process).
[Package Manager] Cannot connect to Unity Package Manager local server
- Finished resetting the current domain, in  1.063 seconds
Domain Reload Profiling: 2101ms
	BeginReloadAssembly (274ms)
		ExecutionOrderSort (0ms)
		DisableScriptedObjects (26ms)
		BackupInstance (0ms)
		ReleaseScriptingObjects (0ms)
		CreateAndSetChildDomain (70ms)
	RebuildCommonClasses (50ms)
	RebuildNativeTypeToScriptingClass (20ms)
	initialDomainReloadingComplete (34ms)
	LoadAllAssembliesAndSetupDomain (658ms)
		LoadAssemblies (448ms)
		RebuildTransferFunctionScriptingTraits (0ms)
		AnalyzeDomain (337ms)
			TypeCache.Refresh (14ms)
				TypeCache.ScanAssembly (1ms)
			BuildScriptInfoCaches (296ms)
			ResolveRequiredComponents (20ms)
	FinalizeReload (1063ms)
		ReleaseScriptCaches (0ms)
		RebuildScriptCaches (0ms)
		SetupLoadedEditorAssemblies (745ms)
			LogAssemblyErrors (0ms)
			InitializePlatformSupportModulesInManaged (16ms)
			SetLoadedEditorAssemblies (5ms)
			BeforeProcessingInitializeOnLoad (151ms)
			ProcessInitializeOnLoadAttributes (477ms)
			ProcessInitializeOnLoadMethodAttributes (92ms)
			AfterProcessingInitializeOnLoad (3ms)
			EditorAssembliesLoaded (0ms)
		ExecutionOrderSort2 (0ms)
		AwakeInstancesAfterBackupRestoration (16ms)
Refreshing native plugins compatible for Editor in 3.01 ms, found 4 plugins.
Preloading 0 native plugins for Editor in 0.00 ms.
Unloading 14 Unused Serialized files (Serialized files now loaded: 0)
Unloading 6883 unused Assets / (4.6 MB). Loaded Objects now: 7706.
Memory consumption went from 150.9 MB to 146.4 MB.
Total: 12.272700 ms (FindLiveObjects: 0.963900 ms CreateObjectMapping: 1.548300 ms MarkObjects: 6.668600 ms  DeleteObjects: 3.090600 ms)

Prepare: number of updated asset objects reloaded= 0
========================================================================
Received Import Request.
  Time since last request: 135.953495 seconds.
  path: Assets/Character/Core/Hitbox
  artifactKey: Guid(4162a1fc784aa994eaee94b757e64a7b) Importer(815301076,1909f56bfc062723c751e8b465ee728b)
Start importing Assets/Character/Core/Hitbox using Guid(4162a1fc784aa994eaee94b757e64a7b) Importer(815301076,1909f56bfc062723c751e8b465ee728b) (PreviewImporter) -> (artifact id: '48266a044dc0c50e880dc2f95e0717ff') in 0.0483592 seconds
Number of updated asset objects reloaded before import = 0Number of asset objects unloaded after import = 0

========================================================================
Received Import Request.
  Time since last request: 30.321883 seconds.
  path: Assets/Script/Obj/hitboxDetact/CustomPolygonHitbox.cs
  artifactKey: Guid(eb266c5d3f0227748a3c024968294016) Importer(815301076,1909f56bfc062723c751e8b465ee728b)
Start importing Assets/Script/Obj/hitboxDetact/CustomPolygonHitbox.cs using Guid(eb266c5d3f0227748a3c024968294016) Importer(815301076,1909f56bfc062723c751e8b465ee728b) (PreviewImporter) -> (artifact id: 'a8ed19099790cab4d447fbea7e285141') in 0.0008092 seconds
Number of updated asset objects reloaded before import = 0Number of asset objects unloaded after import = 0

========================================================================
Received Import Request.
  Time since last request: 0.616509 seconds.
  path: Assets/Script/Obj/hitboxDetact/BoxHitbox.cs
  artifactKey: Guid(fc26ed5120188cb47be818870fabe1c2) Importer(815301076,1909f56bfc062723c751e8b465ee728b)
Start importing Assets/Script/Obj/hitboxDetact/BoxHitbox.cs using Guid(fc26ed5120188cb47be818870fabe1c2) Importer(815301076,1909f56bfc062723c751e8b465ee728b) (PreviewImporter) -> (artifact id: '1ac74235b150913b552e311cb7a11b3e') in 0.0007187 seconds
Number of updated asset objects reloaded before import = 0Number of asset objects unloaded after import = 0

========================================================================
Received Prepare
Refreshing native plugins compatible for Editor in 2.42 ms, found 4 plugins.
Preloading 0 native plugins for Editor in 0.00 ms.
Unloading 14 Unused Serialized files (Serialized files now loaded: 0)
Unloading 6868 unused Assets / (4.3 MB). Loaded Objects now: 7706.
Memory consumption went from 151.1 MB to 146.7 MB.
Total: 14.775800 ms (FindLiveObjects: 0.981200 ms CreateObjectMapping: 1.853700 ms MarkObjects: 8.122500 ms  DeleteObjects: 3.817000 ms)

Prepare: number of updated asset objects reloaded= 0
========================================================================
Received Prepare
Begin MonoManager ReloadAssembly
- Loaded All Assemblies, in  0.958 seconds
Refreshing native plugins compatible for Editor in 2.26 ms, found 4 plugins.
Native extension for Android target not found
Native extension for WindowsStandalone target not found
Mono: successfully reloaded assembly
[Package Manager] Failed to launch server process. Reason: Unity was launched with the -noUpm command-line argument
[Package Manager] Unable to send message (not connected to server process).
[Package Manager] Cannot connect to Unity Package Manager local server
- Finished resetting the current domain, in  1.040 seconds
Domain Reload Profiling: 2003ms
	BeginReloadAssembly (280ms)
		ExecutionOrderSort (0ms)
		DisableScriptedObjects (21ms)
		BackupInstance (0ms)
		ReleaseScriptingObjects (0ms)
		CreateAndSetChildDomain (78ms)
	RebuildCommonClasses (58ms)
	RebuildNativeTypeToScriptingClass (17ms)
	initialDomainReloadingComplete (35ms)
	LoadAllAssembliesAndSetupDomain (573ms)
		LoadAssemblies (413ms)
		RebuildTransferFunctionScriptingTraits (0ms)
		AnalyzeDomain (286ms)
			TypeCache.Refresh (14ms)
				TypeCache.ScanAssembly (1ms)
			BuildScriptInfoCaches (244ms)
			ResolveRequiredComponents (20ms)
	FinalizeReload (1040ms)
		ReleaseScriptCaches (0ms)
		RebuildScriptCaches (0ms)
		SetupLoadedEditorAssemblies (757ms)
			LogAssemblyErrors (0ms)
			InitializePlatformSupportModulesInManaged (17ms)
			SetLoadedEditorAssemblies (4ms)
			BeforeProcessingInitializeOnLoad (189ms)
			ProcessInitializeOnLoadAttributes (462ms)
			ProcessInitializeOnLoadMethodAttributes (81ms)
			AfterProcessingInitializeOnLoad (3ms)
			EditorAssembliesLoaded (0ms)
		ExecutionOrderSort2 (0ms)
		AwakeInstancesAfterBackupRestoration (15ms)
Refreshing native plugins compatible for Editor in 2.14 ms, found 4 plugins.
Preloading 0 native plugins for Editor in 0.00 ms.
Unloading 14 Unused Serialized files (Serialized files now loaded: 0)
Unloading 6883 unused Assets / (4.2 MB). Loaded Objects now: 7708.
Memory consumption went from 150.9 MB to 146.7 MB.
Total: 10.823900 ms (FindLiveObjects: 0.947300 ms CreateObjectMapping: 1.549000 ms MarkObjects: 5.497300 ms  DeleteObjects: 2.829400 ms)

Prepare: number of updated asset objects reloaded= 0
========================================================================
Received Import Request.
  Time since last request: 30.759670 seconds.
  path: Assets/Character/Core/Hitbox/Script
  artifactKey: Guid(50d22e619d3d497408b736ea3fe670bc) Importer(815301076,1909f56bfc062723c751e8b465ee728b)
Start importing Assets/Character/Core/Hitbox/Script using Guid(50d22e619d3d497408b736ea3fe670bc) Importer(815301076,1909f56bfc062723c751e8b465ee728b) (PreviewImporter) -> (artifact id: 'fba8b645a123b7701da1e4e563f66c11') in 0.0102544 seconds
Number of updated asset objects reloaded before import = 0Number of asset objects unloaded after import = 0

========================================================================
Received Prepare
Refreshing native plugins compatible for Editor in 3.73 ms, found 4 plugins.
Preloading 0 native plugins for Editor in 0.00 ms.
Unloading 14 Unused Serialized files (Serialized files now loaded: 0)
Unloading 6868 unused Assets / (4.4 MB). Loaded Objects now: 7708.
Memory consumption went from 151.1 MB to 146.7 MB.
Total: 19.661800 ms (FindLiveObjects: 1.297000 ms CreateObjectMapping: 3.573400 ms MarkObjects: 9.905000 ms  DeleteObjects: 4.885000 ms)

Prepare: number of updated asset objects reloaded= 0
========================================================================
Received Prepare
Begin MonoManager ReloadAssembly
- Loaded All Assemblies, in  0.991 seconds
Refreshing native plugins compatible for Editor in 2.81 ms, found 4 plugins.
Native extension for Android target not found
Native extension for WindowsStandalone target not found
Mono: successfully reloaded assembly
[Package Manager] Failed to launch server process. Reason: Unity was launched with the -noUpm command-line argument
[Package Manager] Unable to send message (not connected to server process).
[Package Manager] Cannot connect to Unity Package Manager local server
- Finished resetting the current domain, in  1.188 seconds
Domain Reload Profiling: 2183ms
	BeginReloadAssembly (283ms)
		ExecutionOrderSort (0ms)
		DisableScriptedObjects (22ms)
		BackupInstance (0ms)
		ReleaseScriptingObjects (0ms)
		CreateAndSetChildDomain (66ms)
	RebuildCommonClasses (47ms)
	RebuildNativeTypeToScriptingClass (21ms)
	initialDomainReloadingComplete (34ms)
	LoadAllAssembliesAndSetupDomain (610ms)
		LoadAssemblies (433ms)
		RebuildTransferFunctionScriptingTraits (0ms)
		AnalyzeDomain (316ms)
			TypeCache.Refresh (17ms)
				TypeCache.ScanAssembly (1ms)
			BuildScriptInfoCaches (278ms)
			ResolveRequiredComponents (16ms)
	FinalizeReload (1189ms)
		ReleaseScriptCaches (0ms)
		RebuildScriptCaches (0ms)
		SetupLoadedEditorAssemblies (844ms)
			LogAssemblyErrors (0ms)
			InitializePlatformSupportModulesInManaged (13ms)
			SetLoadedEditorAssemblies (8ms)
			BeforeProcessingInitializeOnLoad (193ms)
			ProcessInitializeOnLoadAttributes (529ms)
			ProcessInitializeOnLoadMethodAttributes (98ms)
			AfterProcessingInitializeOnLoad (3ms)
			EditorAssembliesLoaded (0ms)
		ExecutionOrderSort2 (0ms)
		AwakeInstancesAfterBackupRestoration (18ms)
Refreshing native plugins compatible for Editor in 2.14 ms, found 4 plugins.
Preloading 0 native plugins for Editor in 0.00 ms.
Unloading 14 Unused Serialized files (Serialized files now loaded: 0)
Unloading 6883 unused Assets / (4.6 MB). Loaded Objects now: 7710.
Memory consumption went from 150.9 MB to 146.3 MB.
Total: 11.336000 ms (FindLiveObjects: 0.937900 ms CreateObjectMapping: 1.458500 ms MarkObjects: 5.851200 ms  DeleteObjects: 3.087200 ms)

Prepare: number of updated asset objects reloaded= 0
========================================================================
Received Import Request.
  Time since last request: 26.493438 seconds.
  path: Assets/Character/Core/SkillObject
  artifactKey: Guid(912d3bce64bb79d4fba3797dccc3a8dd) Importer(815301076,1909f56bfc062723c751e8b465ee728b)
Start importing Assets/Character/Core/SkillObject using Guid(912d3bce64bb79d4fba3797dccc3a8dd) Importer(815301076,1909f56bfc062723c751e8b465ee728b) (PreviewImporter) -> (artifact id: 'cd62ce07301a2842ebebd1de549d6a35') in 0.0123717 seconds
Number of updated asset objects reloaded before import = 0Number of asset objects unloaded after import = 0

========================================================================
Received Prepare
Refreshing native plugins compatible for Editor in 2.41 ms, found 4 plugins.
Preloading 0 native plugins for Editor in 0.00 ms.
Unloading 14 Unused Serialized files (Serialized files now loaded: 0)
Unloading 6868 unused Assets / (4.3 MB). Loaded Objects now: 7710.
Memory consumption went from 151.1 MB to 146.7 MB.
Total: 14.554900 ms (FindLiveObjects: 1.066600 ms CreateObjectMapping: 1.794900 ms MarkObjects: 7.910500 ms  DeleteObjects: 3.780700 ms)

Prepare: number of updated asset objects reloaded= 0
========================================================================
Received Prepare
Begin MonoManager ReloadAssembly
- Loaded All Assemblies, in  0.938 seconds
Refreshing native plugins compatible for Editor in 2.20 ms, found 4 plugins.
Native extension for Android target not found
Native extension for WindowsStandalone target not found
Mono: successfully reloaded assembly
[Package Manager] Failed to launch server process. Reason: Unity was launched with the -noUpm command-line argument
[Package Manager] Unable to send message (not connected to server process).
[Package Manager] Cannot connect to Unity Package Manager local server
- Finished resetting the current domain, in  1.045 seconds
Domain Reload Profiling: 1986ms
	BeginReloadAssembly (273ms)
		ExecutionOrderSort (0ms)
		DisableScriptedObjects (20ms)
		BackupInstance (0ms)
		ReleaseScriptingObjects (0ms)
		CreateAndSetChildDomain (77ms)
	RebuildCommonClasses (45ms)
	RebuildNativeTypeToScriptingClass (19ms)
	initialDomainReloadingComplete (34ms)
	LoadAllAssembliesAndSetupDomain (570ms)
		LoadAssemblies (416ms)
		RebuildTransferFunctionScriptingTraits (0ms)
		AnalyzeDomain (283ms)
			TypeCache.Refresh (14ms)
				TypeCache.ScanAssembly (1ms)
			BuildScriptInfoCaches (246ms)
			ResolveRequiredComponents (17ms)
	FinalizeReload (1046ms)
		ReleaseScriptCaches (0ms)
		RebuildScriptCaches (0ms)
		SetupLoadedEditorAssemblies (741ms)
			LogAssemblyErrors (0ms)
			InitializePlatformSupportModulesInManaged (17ms)
			SetLoadedEditorAssemblies (6ms)
			BeforeProcessingInitializeOnLoad (174ms)
			ProcessInitializeOnLoadAttributes (457ms)
			ProcessInitializeOnLoadMethodAttributes (84ms)
			AfterProcessingInitializeOnLoad (3ms)
			EditorAssembliesLoaded (0ms)
		ExecutionOrderSort2 (0ms)
		AwakeInstancesAfterBackupRestoration (16ms)
Refreshing native plugins compatible for Editor in 2.07 ms, found 4 plugins.
Preloading 0 native plugins for Editor in 0.00 ms.
Unloading 14 Unused Serialized files (Serialized files now loaded: 0)
Unloading 6883 unused Assets / (4.3 MB). Loaded Objects now: 7712.
Memory consumption went from 150.9 MB to 146.7 MB.
Total: 10.821400 ms (FindLiveObjects: 1.113300 ms CreateObjectMapping: 1.482300 ms MarkObjects: 5.406700 ms  DeleteObjects: 2.818000 ms)

Prepare: number of updated asset objects reloaded= 0
========================================================================
Received Import Request.
  Time since last request: 45.909171 seconds.
  path: Assets/Script/Tmp
  artifactKey: Guid(087b6498ec60a3648a5c8632e1684a18) Importer(815301076,1909f56bfc062723c751e8b465ee728b)
Start importing Assets/Script/Tmp using Guid(087b6498ec60a3648a5c8632e1684a18) Importer(815301076,1909f56bfc062723c751e8b465ee728b) (PreviewImporter) -> (artifact id: 'd53d5d8677d12a195153688d117c489a') in 0.0107272 seconds
Number of updated asset objects reloaded before import = 0Number of asset objects unloaded after import = 0

========================================================================
Received Import Request.
  Time since last request: 16.879310 seconds.
  path: Assets/Tmp
  artifactKey: Guid(82e10df74aa5d0346a4dac4f26f60e31) Importer(815301076,1909f56bfc062723c751e8b465ee728b)
Start importing Assets/Tmp using Guid(82e10df74aa5d0346a4dac4f26f60e31) Importer(815301076,1909f56bfc062723c751e8b465ee728b) (PreviewImporter) -> (artifact id: 'aff791827dcf5766eae7b11c24d9898a') in 0.0011474 seconds
Number of updated asset objects reloaded before import = 0Number of asset objects unloaded after import = 0

========================================================================
Received Import Request.
  Time since last request: 8.179476 seconds.
  path: Assets/Tmp/Script
  artifactKey: Guid(f5be050133e82f948a3315d6a084e1a2) Importer(815301076,1909f56bfc062723c751e8b465ee728b)
Start importing Assets/Tmp/Script using Guid(f5be050133e82f948a3315d6a084e1a2) Importer(815301076,1909f56bfc062723c751e8b465ee728b) (PreviewImporter) -> (artifact id: '847b50a27622fed89cab78c151a794c1') in 0.0011837 seconds
Number of updated asset objects reloaded before import = 0Number of asset objects unloaded after import = 0

========================================================================
Received Prepare
Refreshing native plugins compatible for Editor in 2.36 ms, found 4 plugins.
Preloading 0 native plugins for Editor in 0.00 ms.
Unloading 14 Unused Serialized files (Serialized files now loaded: 0)
Unloading 6868 unused Assets / (4.2 MB). Loaded Objects now: 7712.
Memory consumption went from 151.1 MB to 146.9 MB.
Total: 12.604100 ms (FindLiveObjects: 1.184200 ms CreateObjectMapping: 1.686600 ms MarkObjects: 6.604800 ms  DeleteObjects: 3.127300 ms)

Prepare: number of updated asset objects reloaded= 0
========================================================================
Received Prepare
Begin MonoManager ReloadAssembly
- Loaded All Assemblies, in  0.950 seconds
Refreshing native plugins compatible for Editor in 2.29 ms, found 4 plugins.
Native extension for Android target not found
Native extension for WindowsStandalone target not found
Mono: successfully reloaded assembly
[Package Manager] Failed to launch server process. Reason: Unity was launched with the -noUpm command-line argument
[Package Manager] Unable to send message (not connected to server process).
[Package Manager] Cannot connect to Unity Package Manager local server
- Finished resetting the current domain, in  1.041 seconds
Domain Reload Profiling: 1994ms
	BeginReloadAssembly (259ms)
		ExecutionOrderSort (0ms)
		DisableScriptedObjects (19ms)
		BackupInstance (0ms)
		ReleaseScriptingObjects (0ms)
		CreateAndSetChildDomain (64ms)
	RebuildCommonClasses (55ms)
	RebuildNativeTypeToScriptingClass (22ms)
	initialDomainReloadingComplete (32ms)
	LoadAllAssembliesAndSetupDomain (585ms)
		LoadAssemblies (411ms)
		RebuildTransferFunctionScriptingTraits (0ms)
		AnalyzeDomain (303ms)
			TypeCache.Refresh (15ms)
				TypeCache.ScanAssembly (1ms)
			BuildScriptInfoCaches (265ms)
			ResolveRequiredComponents (16ms)
	FinalizeReload (1041ms)
		ReleaseScriptCaches (0ms)
		RebuildScriptCaches (0ms)
		SetupLoadedEditorAssemblies (757ms)
			LogAssemblyErrors (0ms)
			InitializePlatformSupportModulesInManaged (17ms)
			SetLoadedEditorAssemblies (6ms)
			BeforeProcessingInitializeOnLoad (167ms)
			ProcessInitializeOnLoadAttributes (481ms)
			ProcessInitializeOnLoadMethodAttributes (83ms)
			AfterProcessingInitializeOnLoad (3ms)
			EditorAssembliesLoaded (0ms)
		ExecutionOrderSort2 (0ms)
		AwakeInstancesAfterBackupRestoration (15ms)
Refreshing native plugins compatible for Editor in 2.19 ms, found 4 plugins.
Preloading 0 native plugins for Editor in 0.00 ms.
Unloading 14 Unused Serialized files (Serialized files now loaded: 0)
Unloading 6883 unused Assets / (4.5 MB). Loaded Objects now: 7714.
Memory consumption went from 151.0 MB to 146.5 MB.
Total: 12.006000 ms (FindLiveObjects: 1.159700 ms CreateObjectMapping: 1.812100 ms MarkObjects: 5.762500 ms  DeleteObjects: 3.270400 ms)

Prepare: number of updated asset objects reloaded= 0
========================================================================
Received Prepare
Refreshing native plugins compatible for Editor in 3.23 ms, found 4 plugins.
Preloading 0 native plugins for Editor in 0.00 ms.
Unloading 14 Unused Serialized files (Serialized files now loaded: 0)
Unloading 6868 unused Assets / (4.6 MB). Loaded Objects now: 7714.
Memory consumption went from 151.1 MB to 146.5 MB.
Total: 14.738200 ms (FindLiveObjects: 1.025600 ms CreateObjectMapping: 1.457200 ms MarkObjects: 8.512500 ms  DeleteObjects: 3.741100 ms)

Prepare: number of updated asset objects reloaded= 0
========================================================================
Received Prepare
Begin MonoManager ReloadAssembly
- Loaded All Assemblies, in  0.929 seconds
Refreshing native plugins compatible for Editor in 2.18 ms, found 4 plugins.
Native extension for Android target not found
Native extension for WindowsStandalone target not found
Mono: successfully reloaded assembly
[Package Manager] Failed to launch server process. Reason: Unity was launched with the -noUpm command-line argument
[Package Manager] Unable to send message (not connected to server process).
[Package Manager] Cannot connect to Unity Package Manager local server
- Finished resetting the current domain, in  1.061 seconds
Domain Reload Profiling: 1993ms
	BeginReloadAssembly (258ms)
		ExecutionOrderSort (0ms)
		DisableScriptedObjects (24ms)
		BackupInstance (0ms)
		ReleaseScriptingObjects (0ms)
		CreateAndSetChildDomain (65ms)
	RebuildCommonClasses (46ms)
	RebuildNativeTypeToScriptingClass (21ms)
	initialDomainReloadingComplete (37ms)
	LoadAllAssembliesAndSetupDomain (569ms)
		LoadAssemblies (406ms)
		RebuildTransferFunctionScriptingTraits (0ms)
		AnalyzeDomain (284ms)
			TypeCache.Refresh (15ms)
				TypeCache.ScanAssembly (1ms)
			BuildScriptInfoCaches (245ms)
			ResolveRequiredComponents (19ms)
	FinalizeReload (1061ms)
		ReleaseScriptCaches (0ms)
		RebuildScriptCaches (0ms)
		SetupLoadedEditorAssemblies (757ms)
			LogAssemblyErrors (0ms)
			InitializePlatformSupportModulesInManaged (15ms)
			SetLoadedEditorAssemblies (5ms)
			BeforeProcessingInitializeOnLoad (189ms)
			ProcessInitializeOnLoadAttributes (461ms)
			ProcessInitializeOnLoadMethodAttributes (84ms)
			AfterProcessingInitializeOnLoad (3ms)
			EditorAssembliesLoaded (0ms)
		ExecutionOrderSort2 (0ms)
		AwakeInstancesAfterBackupRestoration (18ms)
Refreshing native plugins compatible for Editor in 2.29 ms, found 4 plugins.
Preloading 0 native plugins for Editor in 0.00 ms.
Unloading 14 Unused Serialized files (Serialized files now loaded: 0)
Unloading 6883 unused Assets / (4.4 MB). Loaded Objects now: 7716.
Memory consumption went from 150.9 MB to 146.6 MB.
Total: 10.801000 ms (FindLiveObjects: 0.945200 ms CreateObjectMapping: 1.338600 ms MarkObjects: 5.561900 ms  DeleteObjects: 2.954400 ms)

Prepare: number of updated asset objects reloaded= 0
========================================================================
Received Import Request.
  Time since last request: 99.585463 seconds.
  path: Assets/Character/Default/Sprites
  artifactKey: Guid(991727b0e2eb18344a7643f0e3833a92) Importer(815301076,1909f56bfc062723c751e8b465ee728b)
Start importing Assets/Character/Default/Sprites using Guid(991727b0e2eb18344a7643f0e3833a92) Importer(815301076,1909f56bfc062723c751e8b465ee728b) (PreviewImporter) -> (artifact id: '5d7c27e4f4538408fdde6b1e1bf9a684') in 0.0199722 seconds
Number of updated asset objects reloaded before import = 0Number of asset objects unloaded after import = 0

========================================================================
Received Import Request.
  Time since last request: 9.537256 seconds.
  path: Assets/Sprites/Charactor/Default/spr_Gura_Idle_red
  artifactKey: Guid(f45a867e7f5bf9a40b62797d329956c1) Importer(815301076,1909f56bfc062723c751e8b465ee728b)
Start importing Assets/Sprites/Charactor/Default/spr_Gura_Idle_red using Guid(f45a867e7f5bf9a40b62797d329956c1) Importer(815301076,1909f56bfc062723c751e8b465ee728b) (PreviewImporter) -> (artifact id: '00dcf0580ca56a6407c890116f43e35b') in 0.0009706 seconds
Number of updated asset objects reloaded before import = 0Number of asset objects unloaded after import = 0

========================================================================
Received Import Request.
  Time since last request: 56.362801 seconds.
  path: Assets/Sprites/Enemy
  artifactKey: Guid(fa4686eb7114acc4ba0fb6aff1cbc9b7) Importer(815301076,1909f56bfc062723c751e8b465ee728b)
Start importing Assets/Sprites/Enemy using Guid(fa4686eb7114acc4ba0fb6aff1cbc9b7) Importer(815301076,1909f56bfc062723c751e8b465ee728b) (PreviewImporter) -> (artifact id: 'bed486d9c2d4af326fd0f060fc1ab760') in 0.0007281 seconds
Number of updated asset objects reloaded before import = 0Number of asset objects unloaded after import = 0

========================================================================
Received Import Request.
  Time since last request: 1.763908 seconds.
  path: Assets/Sprites/Enemy/Dummy
  artifactKey: Guid(8294587b7e99cb5488233d6e2c0d2df4) Importer(815301076,1909f56bfc062723c751e8b465ee728b)
Start importing Assets/Sprites/Enemy/Dummy using Guid(8294587b7e99cb5488233d6e2c0d2df4) Importer(815301076,1909f56bfc062723c751e8b465ee728b) (PreviewImporter) -> (artifact id: 'd135c60b8ed28b8f54384e34886d63fb') in 0.0006764 seconds
Number of updated asset objects reloaded before import = 0Number of asset objects unloaded after import = 0

========================================================================
Received Import Request.
  Time since last request: 0.038793 seconds.
  path: Assets/Sprites/Enemy/Dummy/testEnemy_0.png
  artifactKey: Guid(e605d656967c59f4cb20a5240f45feb8) Importer(815301076,1909f56bfc062723c751e8b465ee728b)
Start importing Assets/Sprites/Enemy/Dummy/testEnemy_0.png using Guid(e605d656967c59f4cb20a5240f45feb8) Importer(815301076,1909f56bfc062723c751e8b465ee728b) (PreviewImporter) -> (artifact id: 'bc4820fec47669d3ae4abba2cd6535af') in 0.1127986 seconds
Number of updated asset objects reloaded before import = 0Number of asset objects unloaded after import = 3

========================================================================
Received Import Request.
  Time since last request: 14.594537 seconds.
  path: Assets/Sprites/Env
  artifactKey: Guid(1dc28c6c59e3406419f9095ec92230dc) Importer(815301076,1909f56bfc062723c751e8b465ee728b)
Start importing Assets/Sprites/Env using Guid(1dc28c6c59e3406419f9095ec92230dc) Importer(815301076,1909f56bfc062723c751e8b465ee728b) (PreviewImporter) -> (artifact id: 'c7b289912d251901a2c1fedd41f8b43c') in 0.000764 seconds
Number of updated asset objects reloaded before import = 0Number of asset objects unloaded after import = 0

========================================================================
Received Import Request.
  Time since last request: 0.942152 seconds.
  path: Assets/Sprites/Env/Background
  artifactKey: Guid(ca9440636312ca042b3511e90339b4d9) Importer(815301076,1909f56bfc062723c751e8b465ee728b)
Start importing Assets/Sprites/Env/Background using Guid(ca9440636312ca042b3511e90339b4d9) Importer(815301076,1909f56bfc062723c751e8b465ee728b) (PreviewImporter) -> (artifact id: '813f60a420076659758b47a8db6848be') in 0.0007011 seconds
Number of updated asset objects reloaded before import = 0Number of asset objects unloaded after import = 0

========================================================================
Received Import Request.
  Time since last request: 0.031402 seconds.
  path: Assets/Sprites/Env/Background/bg_concertstage_0.png
  artifactKey: Guid(5fbedcfd36ab43949b93847e6761ee94) Importer(815301076,1909f56bfc062723c751e8b465ee728b)
Start importing Assets/Sprites/Env/Background/bg_concertstage_0.png using Guid(5fbedcfd36ab43949b93847e6761ee94) Importer(815301076,1909f56bfc062723c751e8b465ee728b) (PreviewImporter) -> (artifact id: '77e2b6005067c8f01233e0c61b9a49bf') in 0.0242066 seconds
Number of updated asset objects reloaded before import = 0Number of asset objects unloaded after import = 3

========================================================================
Received Import Request.
  Time since last request: 18.021652 seconds.
  path: Assets/Enviroment/Background1
  artifactKey: Guid(11bd69f9a304abe419a0c3c98e2ab600) Importer(815301076,1909f56bfc062723c751e8b465ee728b)
Start importing Assets/Enviroment/Background1 using Guid(11bd69f9a304abe419a0c3c98e2ab600) Importer(815301076,1909f56bfc062723c751e8b465ee728b) (PreviewImporter) -> (artifact id: 'd899e914a95c2650361342e898dec07b') in 0.0009984 seconds
Number of updated asset objects reloaded before import = 0Number of asset objects unloaded after import = 0

========================================================================
Received Import Request.
  Time since last request: 34.442661 seconds.
  path: Assets/Enviroment/Background
  artifactKey: Guid(07f836734cb7a06428c18862fbea54ca) Importer(815301076,1909f56bfc062723c751e8b465ee728b)
Start importing Assets/Enviroment/Background using Guid(07f836734cb7a06428c18862fbea54ca) Importer(815301076,1909f56bfc062723c751e8b465ee728b) (PreviewImporter) -> (artifact id: 'ada9f5c061b55699fb1285980584a1ba') in 0.0014131 seconds
Number of updated asset objects reloaded before import = 0Number of asset objects unloaded after import = 0

========================================================================
Received Import Request.
  Time since last request: 9.625176 seconds.
  path: Assets/Enviroment/Background/Background1
  artifactKey: Guid(2bee528e7cec5ab4b877b553a6a6f578) Importer(815301076,1909f56bfc062723c751e8b465ee728b)
Start importing Assets/Enviroment/Background/Background1 using Guid(2bee528e7cec5ab4b877b553a6a6f578) Importer(815301076,1909f56bfc062723c751e8b465ee728b) (PreviewImporter) -> (artifact id: 'd3bbfff53359356ed04374013c3fb0a2') in 0.0010371 seconds
Number of updated asset objects reloaded before import = 0Number of asset objects unloaded after import = 0

========================================================================
Received Import Request.
  Time since last request: 17.781865 seconds.
  path: Assets/Enviroment/Background/Background1/Spites
  artifactKey: Guid(3f5c7ad066a7bcc4eb5369b9bf9eb3e3) Importer(815301076,1909f56bfc062723c751e8b465ee728b)
Start importing Assets/Enviroment/Background/Background1/Spites using Guid(3f5c7ad066a7bcc4eb5369b9bf9eb3e3) Importer(815301076,1909f56bfc062723c751e8b465ee728b) (PreviewImporter) -> (artifact id: 'c449454342be2f1de9d43795475cfeff') in 0.0013103 seconds
Number of updated asset objects reloaded before import = 0Number of asset objects unloaded after import = 0

========================================================================
Received Prepare
Begin MonoManager ReloadAssembly
- Loaded All Assemblies, in  0.996 seconds
Refreshing native plugins compatible for Editor in 2.92 ms, found 4 plugins.
Native extension for Android target not found
Native extension for WindowsStandalone target not found
Mono: successfully reloaded assembly
[Package Manager] Failed to launch server process. Reason: Unity was launched with the -noUpm command-line argument
[Package Manager] Unable to send message (not connected to server process).
[Package Manager] Cannot connect to Unity Package Manager local server
- Finished resetting the current domain, in  1.281 seconds
Domain Reload Profiling: 2280ms
	BeginReloadAssembly (296ms)
		ExecutionOrderSort (0ms)
		DisableScriptedObjects (18ms)
		BackupInstance (0ms)
		ReleaseScriptingObjects (0ms)
		CreateAndSetChildDomain (83ms)
	RebuildCommonClasses (46ms)
	RebuildNativeTypeToScriptingClass (23ms)
	initialDomainReloadingComplete (31ms)
	LoadAllAssembliesAndSetupDomain (603ms)
		LoadAssemblies (459ms)
		RebuildTransferFunctionScriptingTraits (0ms)
		AnalyzeDomain (289ms)
			TypeCache.Refresh (10ms)
				TypeCache.ScanAssembly (0ms)
			BuildScriptInfoCaches (251ms)
			ResolveRequiredComponents (22ms)
	FinalizeReload (1282ms)
		ReleaseScriptCaches (0ms)
		RebuildScriptCaches (0ms)
		SetupLoadedEditorAssemblies (994ms)
			LogAssemblyErrors (0ms)
			InitializePlatformSupportModulesInManaged (13ms)
			SetLoadedEditorAssemblies (4ms)
			BeforeProcessingInitializeOnLoad (160ms)
			ProcessInitializeOnLoadAttributes (691ms)
			ProcessInitializeOnLoadMethodAttributes (120ms)
			AfterProcessingInitializeOnLoad (5ms)
			EditorAssembliesLoaded (1ms)
		ExecutionOrderSort2 (0ms)
		AwakeInstancesAfterBackupRestoration (25ms)
Refreshing native plugins compatible for Editor in 3.46 ms, found 4 plugins.
Preloading 0 native plugins for Editor in 0.00 ms.
Unloading 14 Unused Serialized files (Serialized files now loaded: 0)
Unloading 6883 unused Assets / (4.5 MB). Loaded Objects now: 7723.
Memory consumption went from 151.0 MB to 146.5 MB.
Total: 14.505300 ms (FindLiveObjects: 1.327100 ms CreateObjectMapping: 1.924000 ms MarkObjects: 7.215500 ms  DeleteObjects: 4.037100 ms)

Prepare: number of updated asset objects reloaded= 0
